0,68,72,500000,620155909,,slot=0;src=68;dst=72;rate_mbps=2.0;flow_size_byte=500000;packet_lambda_per_s=None;packet_size_byte=1500;lambda_mode=flow_per_pair_rate_mbps
1,75,71,500000,689102653,,slot=0;src=75;dst=71;rate_mbps=2.0;flow_size_byte=500000;packet_lambda_per_s=None;packet_size_byte=1500;lambda_mode=flow_per_pair_rate_mbps
2,75,71,500000,937095107,,slot=0;src=75;dst=71;rate_mbps=2.0;flow_size_byte=500000;packet_lambda_per_s=None;packet_size_byte=1500;lambda_mode=flow_per_pair_rate_mbps
3,71,75,500000,993175066,,slot=0;src=71;dst=75;rate_mbps=2.0;flow_size_byte=500000;packet_lambda_per_s=None;packet_size_byte=1500;lambda_mode=flow_per_pair_rate_mbps
4,67,70,500000,1015354462,,slot=1;src=67;dst=70;rate_mbps=2.0;flow_size_byte=500000;packet_lambda_per_s=None;packet_size_byte=1500;lambda_mode=flow_per_pair_rate_mbps
5,66,73,500000,1022148635,,slot=1;src=66;dst=73;rate_mbps=2.0;flow_size_byte=500000;packet_lambda_per_s=None;packet_size_byte=1500;lambda_mode=flow_per_pair_rate_mbps
6,72,68,500000,1245180708,,slot=1;src=72;dst=68;rate_mbps=2.0;flow_size_byte=500000;packet_lambda_per_s=None;packet_size_byte=1500;lambda_mode=flow_per_pair_rate_mbps
7,70,67,500000,1312759104,,slot=1;src=70;dst=67;rate_mbps=2.0;flow_size_byte=500000;packet_lambda_per_s=None;packet_size_byte=1500;lambda_mode=flow_per_pair_rate_mbps
8,71,75,500000,1679181884,,slot=1;src=71;dst=75;rate_mbps=2.0;flow_size_byte=500000;packet_lambda_per_s=None;packet_size_byte=1500;lambda_mode=flow_per_pair_rate_mbps
9,72,68,500000,1707160643,,slot=1;src=72;dst=68;rate_mbps=2.0;flow_size_byte=500000;packet_lambda_per_s=None;packet_size_byte=1500;lambda_mode=flow_per_pair_rate_mbps
10,66,73,500000,2436550658,,slot=2;src=66;dst=73;rate_mbps=2.0;flow_size_byte=500000;packet_lambda_per_s=None;packet_size_byte=1500;lambda_mode=flow_per_pair_rate_mbps
11,68,72,500000,2446580022,,slot=2;src=68;dst=72;rate_mbps=2.0;flow_size_byte=500000;packet_lambda_per_s=None;packet_size_byte=1500;lambda_mode=flow_per_pair_rate_mbps
12,70,67,500000,2500686309,,slot=2;src=70;dst=67;rate_mbps=2.0;flow_size_byte=500000;packet_lambda_per_s=None;packet_size_byte=1500;lambda_mode=flow_per_pair_rate_mbps
13,74,69,500000,2546702812,,slot=2;src=74;dst=69;rate_mbps=2.0;flow_size_byte=500000;packet_lambda_per_s=None;packet_size_byte=1500;lambda_mode=flow_per_pair_rate_mbps
14,75,71,500000,2707694502,,slot=2;src=75;dst=71;rate_mbps=2.0;flow_size_byte=500000;packet_lambda_per_s=None;packet_size_byte=1500;lambda_mode=flow_per_pair_rate_mbps
15,66,73,500000,2824509870,,slot=2;src=66;dst=73;rate_mbps=2.0;flow_size_byte=500000;packet_lambda_per_s=None;packet_size_byte=1500;lambda_mode=flow_per_pair_rate_mbps
16,72,68,500000,2835453064,,slot=2;src=72;dst=68;rate_mbps=2.0;flow_size_byte=500000;packet_lambda_per_s=None;packet_size_byte=1500;lambda_mode=flow_per_pair_rate_mbps
17,72,68,500000,3035453064,,slot=2;src=72;dst=68;rate_mbps=2.0;flow_size_byte=500000;packet_lambda_per_s=None;packet_size_byte=1500;lambda_mode=flow_per_pair_rate_mbps
18,73,66,500000,3507331199,,slot=3;src=73;dst=66;rate_mbps=2.0;flow_size_byte=500000;packet_lambda_per_s=None;packet_size_byte=1500;lambda_mode=flow_per_pair_rate_mbps
19,66,73,500000,3781613530,,slot=3;src=66;dst=73;rate_mbps=2.0;flow_size_byte=500000;packet_lambda_per_s=None;packet_size_byte=1500;lambda_mode=flow_per_pair_rate_mbps
20,69,74,500000,3834426512,,slot=3;src=69;dst=74;rate_mbps=2.0;flow_size_byte=500000;packet_lambda_per_s=None;packet_size_byte=1500;lambda_mode=flow_per_pair_rate_mbps
21,73,66,500000,4278164787,,slot=4;src=73;dst=66;rate_mbps=2.0;flow_size_byte=500000;packet_lambda_per_s=None;packet_size_byte=1500;lambda_mode=flow_per_pair_rate_mbps
22,72,68,500000,4327236680,,slot=4;src=72;dst=68;rate_mbps=2.0;flow_size_byte=500000;packet_lambda_per_s=None;packet_size_byte=1500;lambda_mode=flow_per_pair_rate_mbps
23,69,74,500000,4466714079,,slot=4;src=69;dst=74;rate_mbps=2.0;flow_size_byte=500000;packet_lambda_per_s=None;packet_size_byte=1500;lambda_mode=flow_per_pair_rate_mbps
24,74,69,500000,5042294773,,slot=5;src=74;dst=69;rate_mbps=2.0;flow_size_byte=500000;packet_lambda_per_s=None;packet_size_byte=1500;lambda_mode=flow_per_pair_rate_mbps
25,73,66,500000,5217606054,,slot=5;src=73;dst=66;rate_mbps=2.0;flow_size_byte=500000;packet_lambda_per_s=None;packet_size_byte=1500;lambda_mode=flow_per_pair_rate_mbps
26,71,75,500000,5502700908,,slot=5;src=71;dst=75;rate_mbps=2.0;flow_size_byte=500000;packet_lambda_per_s=None;packet_size_byte=1500;lambda_mode=flow_per_pair_rate_mbps
27,66,73,500000,5569841775,,slot=5;src=66;dst=73;rate_mbps=2.0;flow_size_byte=500000;packet_lambda_per_s=None;packet_size_byte=1500;lambda_mode=flow_per_pair_rate_mbps
28,67,70,500000,5760322054,,slot=5;src=67;dst=70;rate_mbps=2.0;flow_size_byte=500000;packet_lambda_per_s=None;packet_size_byte=1500;lambda_mode=flow_per_pair_rate_mbps
29,70,67,500000,5786125458,,slot=5;src=70;dst=67;rate_mbps=2.0;flow_size_byte=500000;packet_lambda_per_s=None;packet_size_byte=1500;lambda_mode=flow_per_pair_rate_mbps
30,69,74,500000,6847381799,,slot=6;src=69;dst=74;rate_mbps=2.0;flow_size_byte=500000;packet_lambda_per_s=None;packet_size_byte=1500;lambda_mode=flow_per_pair_rate_mbps
31,66,73,500000,6876697852,,slot=6;src=66;dst=73;rate_mbps=2.0;flow_size_byte=500000;packet_lambda_per_s=None;packet_size_byte=1500;lambda_mode=flow_per_pair_rate_mbps
32,74,69,500000,7582849038,,slot=7;src=74;dst=69;rate_mbps=2.0;flow_size_byte=500000;packet_lambda_per_s=None;packet_size_byte=1500;lambda_mode=flow_per_pair_rate_mbps
33,75,71,500000,7831389153,,slot=7;src=75;dst=71;rate_mbps=2.0;flow_size_byte=500000;packet_lambda_per_s=None;packet_size_byte=1500;lambda_mode=flow_per_pair_rate_mbps
34,72,68,500000,8231181581,,slot=8;src=72;dst=68;rate_mbps=2.0;flow_size_byte=500000;packet_lambda_per_s=None;packet_size_byte=1500;lambda_mode=flow_per_pair_rate_mbps
35,66,73,500000,8302142809,,slot=8;src=66;dst=73;rate_mbps=2.0;flow_size_byte=500000;packet_lambda_per_s=None;packet_size_byte=1500;lambda_mode=flow_per_pair_rate_mbps
36,71,75,500000,8329434710,,slot=8;src=71;dst=75;rate_mbps=2.0;flow_size_byte=500000;packet_lambda_per_s=None;packet_size_byte=1500;lambda_mode=flow_per_pair_rate_mbps
37,73,66,500000,8499490553,,slot=8;src=73;dst=66;rate_mbps=2.0;flow_size_byte=500000;packet_lambda_per_s=None;packet_size_byte=1500;lambda_mode=flow_per_pair_rate_mbps
38,69,74,500000,8739669725,,slot=8;src=69;dst=74;rate_mbps=2.0;flow_size_byte=500000;packet_lambda_per_s=None;packet_size_byte=1500;lambda_mode=flow_per_pair_rate_mbps
39,71,75,500000,9094857087,,slot=9;src=71;dst=75;rate_mbps=2.0;flow_size_byte=500000;packet_lambda_per_s=None;packet_size_byte=1500;lambda_mode=flow_per_pair_rate_mbps
40,66,73,500000,9848379656,,slot=9;src=66;dst=73;rate_mbps=2.0;flow_size_byte=500000;packet_lambda_per_s=None;packet_size_byte=1500;lambda_mode=flow_per_pair_rate_mbps
41,70,67,500000,9975227996,,slot=9;src=70;dst=67;rate_mbps=2.0;flow_size_byte=500000;packet_lambda_per_s=None;packet_size_byte=1500;lambda_mode=flow_per_pair_rate_mbps
42,72,68,500000,10210737346,,slot=10;src=72;dst=68;rate_mbps=2.0;flow_size_byte=500000;packet_lambda_per_s=None;packet_size_byte=1500;lambda_mode=flow_per_pair_rate_mbps
43,71,75,500000,10476452196,,slot=10;src=71;dst=75;rate_mbps=2.0;flow_size_byte=500000;packet_lambda_per_s=None;packet_size_byte=1500;lambda_mode=flow_per_pair_rate_mbps
44,73,66,500000,10595731587,,slot=10;src=73;dst=66;rate_mbps=2.0;flow_size_byte=500000;packet_lambda_per_s=None;packet_size_byte=1500;lambda_mode=flow_per_pair_rate_mbps
45,66,73,500000,10769512462,,slot=10;src=66;dst=73;rate_mbps=2.0;flow_size_byte=500000;packet_lambda_per_s=None;packet_size_byte=1500;lambda_mode=flow_per_pair_rate_mbps
46,67,70,500000,10772683505,,slot=10;src=67;dst=70;rate_mbps=2.0;flow_size_byte=500000;packet_lambda_per_s=None;packet_size_byte=1500;lambda_mode=flow_per_pair_rate_mbps
47,66,73,500000,11651308962,,slot=11;src=66;dst=73;rate_mbps=2.0;flow_size_byte=500000;packet_lambda_per_s=None;packet_size_byte=1500;lambda_mode=flow_per_pair_rate_mbps
48,66,73,500000,12044429749,,slot=12;src=66;dst=73;rate_mbps=2.0;flow_size_byte=500000;packet_lambda_per_s=None;packet_size_byte=1500;lambda_mode=flow_per_pair_rate_mbps
49,67,70,500000,12077824756,,slot=12;src=67;dst=70;rate_mbps=2.0;flow_size_byte=500000;packet_lambda_per_s=None;packet_size_byte=1500;lambda_mode=flow_per_pair_rate_mbps
50,73,66,500000,12178860088,,slot=12;src=73;dst=66;rate_mbps=2.0;flow_size_byte=500000;packet_lambda_per_s=None;packet_size_byte=1500;lambda_mode=flow_per_pair_rate_mbps
51,66,73,500000,12337943987,,slot=12;src=66;dst=73;rate_mbps=2.0;flow_size_byte=500000;packet_lambda_per_s=None;packet_size_byte=1500;lambda_mode=flow_per_pair_rate_mbps
52,69,74,500000,12527700414,,slot=12;src=69;dst=74;rate_mbps=2.0;flow_size_byte=500000;packet_lambda_per_s=None;packet_size_byte=1500;lambda_mode=flow_per_pair_rate_mbps
53,67,70,500000,12587700693,,slot=12;src=67;dst=70;rate_mbps=2.0;flow_size_byte=500000;packet_lambda_per_s=None;packet_size_byte=1500;lambda_mode=flow_per_pair_rate_mbps
54,70,67,500000,12944343155,,slot=12;src=70;dst=67;rate_mbps=2.0;flow_size_byte=500000;packet_lambda_per_s=None;packet_size_byte=1500;lambda_mode=flow_per_pair_rate_mbps
55,74,69,500000,13212717543,,slot=13;src=74;dst=69;rate_mbps=2.0;flow_size_byte=500000;packet_lambda_per_s=None;packet_size_byte=1500;lambda_mode=flow_per_pair_rate_mbps
56,72,68,500000,13330399710,,slot=13;src=72;dst=68;rate_mbps=2.0;flow_size_byte=500000;packet_lambda_per_s=None;packet_size_byte=1500;lambda_mode=flow_per_pair_rate_mbps
57,70,67,500000,13377416899,,slot=13;src=70;dst=67;rate_mbps=2.0;flow_size_byte=500000;packet_lambda_per_s=None;packet_size_byte=1500;lambda_mode=flow_per_pair_rate_mbps
58,66,73,500000,13434038858,,slot=13;src=66;dst=73;rate_mbps=2.0;flow_size_byte=500000;packet_lambda_per_s=None;packet_size_byte=1500;lambda_mode=flow_per_pair_rate_mbps
59,72,68,500000,13530399710,,slot=13;src=72;dst=68;rate_mbps=2.0;flow_size_byte=500000;packet_lambda_per_s=None;packet_size_byte=1500;lambda_mode=flow_per_pair_rate_mbps
60,70,67,500000,13577416899,,slot=13;src=70;dst=67;rate_mbps=2.0;flow_size_byte=500000;packet_lambda_per_s=None;packet_size_byte=1500;lambda_mode=flow_per_pair_rate_mbps
61,73,66,500000,13579277469,,slot=13;src=73;dst=66;rate_mbps=2.0;flow_size_byte=500000;packet_lambda_per_s=None;packet_size_byte=1500;lambda_mode=flow_per_pair_rate_mbps
62,69,74,500000,13781284186,,slot=13;src=69;dst=74;rate_mbps=2.0;flow_size_byte=500000;packet_lambda_per_s=None;packet_size_byte=1500;lambda_mode=flow_per_pair_rate_mbps
63,73,66,500000,13886606655,,slot=13;src=73;dst=66;rate_mbps=2.0;flow_size_byte=500000;packet_lambda_per_s=None;packet_size_byte=1500;lambda_mode=flow_per_pair_rate_mbps
64,71,75,500000,14244240840,,slot=14;src=71;dst=75;rate_mbps=2.0;flow_size_byte=500000;packet_lambda_per_s=None;packet_size_byte=1500;lambda_mode=flow_per_pair_rate_mbps
65,74,69,500000,14266505550,,slot=14;src=74;dst=69;rate_mbps=2.0;flow_size_byte=500000;packet_lambda_per_s=None;packet_size_byte=1500;lambda_mode=flow_per_pair_rate_mbps
66,69,74,500000,15162380787,,slot=15;src=69;dst=74;rate_mbps=2.0;flow_size_byte=500000;packet_lambda_per_s=None;packet_size_byte=1500;lambda_mode=flow_per_pair_rate_mbps
67,74,69,500000,15671215258,,slot=15;src=74;dst=69;rate_mbps=2.0;flow_size_byte=500000;packet_lambda_per_s=None;packet_size_byte=1500;lambda_mode=flow_per_pair_rate_mbps
68,68,72,500000,15856310529,,slot=15;src=68;dst=72;rate_mbps=2.0;flow_size_byte=500000;packet_lambda_per_s=None;packet_size_byte=1500;lambda_mode=flow_per_pair_rate_mbps
69,69,74,500000,16112650504,,slot=16;src=69;dst=74;rate_mbps=2.0;flow_size_byte=500000;packet_lambda_per_s=None;packet_size_byte=1500;lambda_mode=flow_per_pair_rate_mbps
70,75,71,500000,16366869338,,slot=16;src=75;dst=71;rate_mbps=2.0;flow_size_byte=500000;packet_lambda_per_s=None;packet_size_byte=1500;lambda_mode=flow_per_pair_rate_mbps
71,74,69,500000,16491449141,,slot=16;src=74;dst=69;rate_mbps=2.0;flow_size_byte=500000;packet_lambda_per_s=None;packet_size_byte=1500;lambda_mode=flow_per_pair_rate_mbps
72,73,66,500000,16711398584,,slot=16;src=73;dst=66;rate_mbps=2.0;flow_size_byte=500000;packet_lambda_per_s=None;packet_size_byte=1500;lambda_mode=flow_per_pair_rate_mbps
73,66,73,500000,16782178061,,slot=16;src=66;dst=73;rate_mbps=2.0;flow_size_byte=500000;packet_lambda_per_s=None;packet_size_byte=1500;lambda_mode=flow_per_pair_rate_mbps
74,72,68,500000,16937603888,,slot=16;src=72;dst=68;rate_mbps=2.0;flow_size_byte=500000;packet_lambda_per_s=None;packet_size_byte=1500;lambda_mode=flow_per_pair_rate_mbps
75,74,69,500000,16995672809,,slot=16;src=74;dst=69;rate_mbps=2.0;flow_size_byte=500000;packet_lambda_per_s=None;packet_size_byte=1500;lambda_mode=flow_per_pair_rate_mbps
76,70,67,500000,17427669046,,slot=17;src=70;dst=67;rate_mbps=2.0;flow_size_byte=500000;packet_lambda_per_s=None;packet_size_byte=1500;lambda_mode=flow_per_pair_rate_mbps
77,67,70,500000,17468773519,,slot=17;src=67;dst=70;rate_mbps=2.0;flow_size_byte=500000;packet_lambda_per_s=None;packet_size_byte=1500;lambda_mode=flow_per_pair_rate_mbps
78,73,66,500000,17538560577,,slot=17;src=73;dst=66;rate_mbps=2.0;flow_size_byte=500000;packet_lambda_per_s=None;packet_size_byte=1500;lambda_mode=flow_per_pair_rate_mbps
79,70,67,500000,18176903589,,slot=18;src=70;dst=67;rate_mbps=2.0;flow_size_byte=500000;packet_lambda_per_s=None;packet_size_byte=1500;lambda_mode=flow_per_pair_rate_mbps
80,73,66,500000,18275331284,,slot=18;src=73;dst=66;rate_mbps=2.0;flow_size_byte=500000;packet_lambda_per_s=None;packet_size_byte=1500;lambda_mode=flow_per_pair_rate_mbps
81,72,68,500000,18485936429,,slot=18;src=72;dst=68;rate_mbps=2.0;flow_size_byte=500000;packet_lambda_per_s=None;packet_size_byte=1500;lambda_mode=flow_per_pair_rate_mbps
82,72,68,500000,18705323517,,slot=18;src=72;dst=68;rate_mbps=2.0;flow_size_byte=500000;packet_lambda_per_s=None;packet_size_byte=1500;lambda_mode=flow_per_pair_rate_mbps
83,74,69,500000,18807165335,,slot=18;src=74;dst=69;rate_mbps=2.0;flow_size_byte=500000;packet_lambda_per_s=None;packet_size_byte=1500;lambda_mode=flow_per_pair_rate_mbps
84,69,74,500000,19141130923,,slot=19;src=69;dst=74;rate_mbps=2.0;flow_size_byte=500000;packet_lambda_per_s=None;packet_size_byte=1500;lambda_mode=flow_per_pair_rate_mbps
85,72,68,500000,19482419412,,slot=19;src=72;dst=68;rate_mbps=2.0;flow_size_byte=500000;packet_lambda_per_s=None;packet_size_byte=1500;lambda_mode=flow_per_pair_rate_mbps
86,66,73,500000,19778709546,,slot=19;src=66;dst=73;rate_mbps=2.0;flow_size_byte=500000;packet_lambda_per_s=None;packet_size_byte=1500;lambda_mode=flow_per_pair_rate_mbps
87,74,69,500000,19853215709,,slot=19;src=74;dst=69;rate_mbps=2.0;flow_size_byte=500000;packet_lambda_per_s=None;packet_size_byte=1500;lambda_mode=flow_per_pair_rate_mbps
88,73,66,500000,20023863664,,slot=20;src=73;dst=66;rate_mbps=2.0;flow_size_byte=500000;packet_lambda_per_s=None;packet_size_byte=1500;lambda_mode=flow_per_pair_rate_mbps
89,67,70,500000,20188514555,,slot=20;src=67;dst=70;rate_mbps=2.0;flow_size_byte=500000;packet_lambda_per_s=None;packet_size_byte=1500;lambda_mode=flow_per_pair_rate_mbps
90,68,72,500000,20241547370,,slot=20;src=68;dst=72;rate_mbps=2.0;flow_size_byte=500000;packet_lambda_per_s=None;packet_size_byte=1500;lambda_mode=flow_per_pair_rate_mbps
91,75,71,500000,20461300263,,slot=20;src=75;dst=71;rate_mbps=2.0;flow_size_byte=500000;packet_lambda_per_s=None;packet_size_byte=1500;lambda_mode=flow_per_pair_rate_mbps
92,66,73,500000,20469205293,,slot=20;src=66;dst=73;rate_mbps=2.0;flow_size_byte=500000;packet_lambda_per_s=None;packet_size_byte=1500;lambda_mode=flow_per_pair_rate_mbps
93,71,75,500000,20480813365,,slot=20;src=71;dst=75;rate_mbps=2.0;flow_size_byte=500000;packet_lambda_per_s=None;packet_size_byte=1500;lambda_mode=flow_per_pair_rate_mbps
94,68,72,500000,20587243406,,slot=20;src=68;dst=72;rate_mbps=2.0;flow_size_byte=500000;packet_lambda_per_s=None;packet_size_byte=1500;lambda_mode=flow_per_pair_rate_mbps
95,70,67,500000,20642956062,,slot=20;src=70;dst=67;rate_mbps=2.0;flow_size_byte=500000;packet_lambda_per_s=None;packet_size_byte=1500;lambda_mode=flow_per_pair_rate_mbps
96,72,68,500000,20887909642,,slot=20;src=72;dst=68;rate_mbps=2.0;flow_size_byte=500000;packet_lambda_per_s=None;packet_size_byte=1500;lambda_mode=flow_per_pair_rate_mbps
97,74,69,500000,21105538726,,slot=21;src=74;dst=69;rate_mbps=2.0;flow_size_byte=500000;packet_lambda_per_s=None;packet_size_byte=1500;lambda_mode=flow_per_pair_rate_mbps
98,68,72,500000,21151814195,,slot=21;src=68;dst=72;rate_mbps=2.0;flow_size_byte=500000;packet_lambda_per_s=None;packet_size_byte=1500;lambda_mode=flow_per_pair_rate_mbps
99,67,70,500000,21285640203,,slot=21;src=67;dst=70;rate_mbps=2.0;flow_size_byte=500000;packet_lambda_per_s=None;packet_size_byte=1500;lambda_mode=flow_per_pair_rate_mbps
100,75,71,500000,21478830265,,slot=21;src=75;dst=71;rate_mbps=2.0;flow_size_byte=500000;packet_lambda_per_s=None;packet_size_byte=1500;lambda_mode=flow_per_pair_rate_mbps
101,69,74,500000,21630643642,,slot=21;src=69;dst=74;rate_mbps=2.0;flow_size_byte=500000;packet_lambda_per_s=None;packet_size_byte=1500;lambda_mode=flow_per_pair_rate_mbps
102,75,71,500000,21769310950,,slot=21;src=75;dst=71;rate_mbps=2.0;flow_size_byte=500000;packet_lambda_per_s=None;packet_size_byte=1500;lambda_mode=flow_per_pair_rate_mbps
103,67,70,500000,21770976268,,slot=21;src=67;dst=70;rate_mbps=2.0;flow_size_byte=500000;packet_lambda_per_s=None;packet_size_byte=1500;lambda_mode=flow_per_pair_rate_mbps
104,74,69,500000,21791436619,,slot=21;src=74;dst=69;rate_mbps=2.0;flow_size_byte=500000;packet_lambda_per_s=None;packet_size_byte=1500;lambda_mode=flow_per_pair_rate_mbps
105,74,69,500000,22583224993,,slot=22;src=74;dst=69;rate_mbps=2.0;flow_size_byte=500000;packet_lambda_per_s=None;packet_size_byte=1500;lambda_mode=flow_per_pair_rate_mbps
106,69,74,500000,22648030718,,slot=22;src=69;dst=74;rate_mbps=2.0;flow_size_byte=500000;packet_lambda_per_s=None;packet_size_byte=1500;lambda_mode=flow_per_pair_rate_mbps
107,69,74,500000,23098728312,,slot=23;src=69;dst=74;rate_mbps=2.0;flow_size_byte=500000;packet_lambda_per_s=None;packet_size_byte=1500;lambda_mode=flow_per_pair_rate_mbps
108,67,70,500000,23446313525,,slot=23;src=67;dst=70;rate_mbps=2.0;flow_size_byte=500000;packet_lambda_per_s=None;packet_size_byte=1500;lambda_mode=flow_per_pair_rate_mbps
109,70,67,500000,23463733124,,slot=23;src=70;dst=67;rate_mbps=2.0;flow_size_byte=500000;packet_lambda_per_s=None;packet_size_byte=1500;lambda_mode=flow_per_pair_rate_mbps
110,66,73,500000,23606604152,,slot=23;src=66;dst=73;rate_mbps=2.0;flow_size_byte=500000;packet_lambda_per_s=None;packet_size_byte=1500;lambda_mode=flow_per_pair_rate_mbps
111,66,73,500000,23806604152,,slot=23;src=66;dst=73;rate_mbps=2.0;flow_size_byte=500000;packet_lambda_per_s=None;packet_size_byte=1500;lambda_mode=flow_per_pair_rate_mbps
112,74,69,500000,24227139055,,slot=24;src=74;dst=69;rate_mbps=2.0;flow_size_byte=500000;packet_lambda_per_s=None;packet_size_byte=1500;lambda_mode=flow_per_pair_rate_mbps
113,71,75,500000,24592458797,,slot=24;src=71;dst=75;rate_mbps=2.0;flow_size_byte=500000;packet_lambda_per_s=None;packet_size_byte=1500;lambda_mode=flow_per_pair_rate_mbps
114,71,75,500000,24792458797,,slot=24;src=71;dst=75;rate_mbps=2.0;flow_size_byte=500000;packet_lambda_per_s=None;packet_size_byte=1500;lambda_mode=flow_per_pair_rate_mbps
115,70,67,500000,24936241376,,slot=24;src=70;dst=67;rate_mbps=2.0;flow_size_byte=500000;packet_lambda_per_s=None;packet_size_byte=1500;lambda_mode=flow_per_pair_rate_mbps
116,67,70,500000,25001469004,,slot=25;src=67;dst=70;rate_mbps=2.0;flow_size_byte=500000;packet_lambda_per_s=None;packet_size_byte=1500;lambda_mode=flow_per_pair_rate_mbps
117,75,71,500000,25684768680,,slot=25;src=75;dst=71;rate_mbps=2.0;flow_size_byte=500000;packet_lambda_per_s=None;packet_size_byte=1500;lambda_mode=flow_per_pair_rate_mbps
118,68,72,500000,25965584249,,slot=25;src=68;dst=72;rate_mbps=2.0;flow_size_byte=500000;packet_lambda_per_s=None;packet_size_byte=1500;lambda_mode=flow_per_pair_rate_mbps
119,72,68,500000,25987188611,,slot=25;src=72;dst=68;rate_mbps=2.0;flow_size_byte=500000;packet_lambda_per_s=None;packet_size_byte=1500;lambda_mode=flow_per_pair_rate_mbps
120,75,71,500000,26027439003,,slot=26;src=75;dst=71;rate_mbps=2.0;flow_size_byte=500000;packet_lambda_per_s=None;packet_size_byte=1500;lambda_mode=flow_per_pair_rate_mbps
121,72,68,500000,26187188611,,slot=26;src=72;dst=68;rate_mbps=2.0;flow_size_byte=500000;packet_lambda_per_s=None;packet_size_byte=1500;lambda_mode=flow_per_pair_rate_mbps
122,75,71,500000,26227439003,,slot=26;src=75;dst=71;rate_mbps=2.0;flow_size_byte=500000;packet_lambda_per_s=None;packet_size_byte=1500;lambda_mode=flow_per_pair_rate_mbps
123,67,70,500000,26509819399,,slot=26;src=67;dst=70;rate_mbps=2.0;flow_size_byte=500000;packet_lambda_per_s=None;packet_size_byte=1500;lambda_mode=flow_per_pair_rate_mbps
124,75,71,500000,26863130722,,slot=26;src=75;dst=71;rate_mbps=2.0;flow_size_byte=500000;packet_lambda_per_s=None;packet_size_byte=1500;lambda_mode=flow_per_pair_rate_mbps
125,66,73,500000,26913636797,,slot=26;src=66;dst=73;rate_mbps=2.0;flow_size_byte=500000;packet_lambda_per_s=None;packet_size_byte=1500;lambda_mode=flow_per_pair_rate_mbps
126,70,67,500000,27164062042,,slot=27;src=70;dst=67;rate_mbps=2.0;flow_size_byte=500000;packet_lambda_per_s=None;packet_size_byte=1500;lambda_mode=flow_per_pair_rate_mbps
127,66,73,500000,27491301026,,slot=27;src=66;dst=73;rate_mbps=2.0;flow_size_byte=500000;packet_lambda_per_s=None;packet_size_byte=1500;lambda_mode=flow_per_pair_rate_mbps
128,74,69,500000,27667338076,,slot=27;src=74;dst=69;rate_mbps=2.0;flow_size_byte=500000;packet_lambda_per_s=None;packet_size_byte=1500;lambda_mode=flow_per_pair_rate_mbps
129,74,69,500000,28110012525,,slot=28;src=74;dst=69;rate_mbps=2.0;flow_size_byte=500000;packet_lambda_per_s=None;packet_size_byte=1500;lambda_mode=flow_per_pair_rate_mbps
130,70,67,500000,28121546276,,slot=28;src=70;dst=67;rate_mbps=2.0;flow_size_byte=500000;packet_lambda_per_s=None;packet_size_byte=1500;lambda_mode=flow_per_pair_rate_mbps
131,67,70,500000,28562146210,,slot=28;src=67;dst=70;rate_mbps=2.0;flow_size_byte=500000;packet_lambda_per_s=None;packet_size_byte=1500;lambda_mode=flow_per_pair_rate_mbps
132,67,70,500000,28762146210,,slot=28;src=67;dst=70;rate_mbps=2.0;flow_size_byte=500000;packet_lambda_per_s=None;packet_size_byte=1500;lambda_mode=flow_per_pair_rate_mbps
133,71,75,500000,28833813108,,slot=28;src=71;dst=75;rate_mbps=2.0;flow_size_byte=500000;packet_lambda_per_s=None;packet_size_byte=1500;lambda_mode=flow_per_pair_rate_mbps
134,67,70,500000,28962146210,,slot=28;src=67;dst=70;rate_mbps=2.0;flow_size_byte=500000;packet_lambda_per_s=None;packet_size_byte=1500;lambda_mode=flow_per_pair_rate_mbps
135,67,70,500000,29545328155,,slot=29;src=67;dst=70;rate_mbps=2.0;flow_size_byte=500000;packet_lambda_per_s=None;packet_size_byte=1500;lambda_mode=flow_per_pair_rate_mbps
136,68,72,500000,29950728041,,slot=29;src=68;dst=72;rate_mbps=2.0;flow_size_byte=500000;packet_lambda_per_s=None;packet_size_byte=1500;lambda_mode=flow_per_pair_rate_mbps
137,66,73,500000,30056659661,,slot=30;src=66;dst=73;rate_mbps=2.0;flow_size_byte=500000;packet_lambda_per_s=None;packet_size_byte=1500;lambda_mode=flow_per_pair_rate_mbps
138,70,67,500000,30149216477,,slot=30;src=70;dst=67;rate_mbps=2.0;flow_size_byte=500000;packet_lambda_per_s=None;packet_size_byte=1500;lambda_mode=flow_per_pair_rate_mbps
139,72,68,500000,30321698216,,slot=30;src=72;dst=68;rate_mbps=2.0;flow_size_byte=500000;packet_lambda_per_s=None;packet_size_byte=1500;lambda_mode=flow_per_pair_rate_mbps
140,70,67,500000,30396196086,,slot=30;src=70;dst=67;rate_mbps=2.0;flow_size_byte=500000;packet_lambda_per_s=None;packet_size_byte=1500;lambda_mode=flow_per_pair_rate_mbps
141,68,72,500000,30462917073,,slot=30;src=68;dst=72;rate_mbps=2.0;flow_size_byte=500000;packet_lambda_per_s=None;packet_size_byte=1500;lambda_mode=flow_per_pair_rate_mbps
142,68,72,500000,31180534422,,slot=31;src=68;dst=72;rate_mbps=2.0;flow_size_byte=500000;packet_lambda_per_s=None;packet_size_byte=1500;lambda_mode=flow_per_pair_rate_mbps
143,68,72,500000,32161232333,,slot=32;src=68;dst=72;rate_mbps=2.0;flow_size_byte=500000;packet_lambda_per_s=None;packet_size_byte=1500;lambda_mode=flow_per_pair_rate_mbps
144,75,71,500000,32273427674,,slot=32;src=75;dst=71;rate_mbps=2.0;flow_size_byte=500000;packet_lambda_per_s=None;packet_size_byte=1500;lambda_mode=flow_per_pair_rate_mbps
145,66,73,500000,32395584899,,slot=32;src=66;dst=73;rate_mbps=2.0;flow_size_byte=500000;packet_lambda_per_s=None;packet_size_byte=1500;lambda_mode=flow_per_pair_rate_mbps
146,71,75,500000,32644098626,,slot=32;src=71;dst=75;rate_mbps=2.0;flow_size_byte=500000;packet_lambda_per_s=None;packet_size_byte=1500;lambda_mode=flow_per_pair_rate_mbps
147,74,69,500000,32669611895,,slot=32;src=74;dst=69;rate_mbps=2.0;flow_size_byte=500000;packet_lambda_per_s=None;packet_size_byte=1500;lambda_mode=flow_per_pair_rate_mbps
148,72,68,500000,32710113877,,slot=32;src=72;dst=68;rate_mbps=2.0;flow_size_byte=500000;packet_lambda_per_s=None;packet_size_byte=1500;lambda_mode=flow_per_pair_rate_mbps
149,67,70,500000,32741827623,,slot=32;src=67;dst=70;rate_mbps=2.0;flow_size_byte=500000;packet_lambda_per_s=None;packet_size_byte=1500;lambda_mode=flow_per_pair_rate_mbps
150,69,74,500000,32966220017,,slot=32;src=69;dst=74;rate_mbps=2.0;flow_size_byte=500000;packet_lambda_per_s=None;packet_size_byte=1500;lambda_mode=flow_per_pair_rate_mbps
151,75,71,500000,33295545371,,slot=33;src=75;dst=71;rate_mbps=2.0;flow_size_byte=500000;packet_lambda_per_s=None;packet_size_byte=1500;lambda_mode=flow_per_pair_rate_mbps
152,72,68,500000,33428988129,,slot=33;src=72;dst=68;rate_mbps=2.0;flow_size_byte=500000;packet_lambda_per_s=None;packet_size_byte=1500;lambda_mode=flow_per_pair_rate_mbps
153,75,71,500000,33606839790,,slot=33;src=75;dst=71;rate_mbps=2.0;flow_size_byte=500000;packet_lambda_per_s=None;packet_size_byte=1500;lambda_mode=flow_per_pair_rate_mbps
154,75,71,500000,34169803694,,slot=34;src=75;dst=71;rate_mbps=2.0;flow_size_byte=500000;packet_lambda_per_s=None;packet_size_byte=1500;lambda_mode=flow_per_pair_rate_mbps
155,70,67,500000,34670160576,,slot=34;src=70;dst=67;rate_mbps=2.0;flow_size_byte=500000;packet_lambda_per_s=None;packet_size_byte=1500;lambda_mode=flow_per_pair_rate_mbps
156,67,70,500000,34725691086,,slot=34;src=67;dst=70;rate_mbps=2.0;flow_size_byte=500000;packet_lambda_per_s=None;packet_size_byte=1500;lambda_mode=flow_per_pair_rate_mbps
157,71,75,500000,35261382274,,slot=35;src=71;dst=75;rate_mbps=2.0;flow_size_byte=500000;packet_lambda_per_s=None;packet_size_byte=1500;lambda_mode=flow_per_pair_rate_mbps
158,74,69,500000,35494923051,,slot=35;src=74;dst=69;rate_mbps=2.0;flow_size_byte=500000;packet_lambda_per_s=None;packet_size_byte=1500;lambda_mode=flow_per_pair_rate_mbps
159,67,70,500000,35542311338,,slot=35;src=67;dst=70;rate_mbps=2.0;flow_size_byte=500000;packet_lambda_per_s=None;packet_size_byte=1500;lambda_mode=flow_per_pair_rate_mbps
160,72,68,500000,35747584480,,slot=35;src=72;dst=68;rate_mbps=2.0;flow_size_byte=500000;packet_lambda_per_s=None;packet_size_byte=1500;lambda_mode=flow_per_pair_rate_mbps
161,75,71,500000,35767738119,,slot=35;src=75;dst=71;rate_mbps=2.0;flow_size_byte=500000;packet_lambda_per_s=None;packet_size_byte=1500;lambda_mode=flow_per_pair_rate_mbps
162,70,67,500000,35812502215,,slot=35;src=70;dst=67;rate_mbps=2.0;flow_size_byte=500000;packet_lambda_per_s=None;packet_size_byte=1500;lambda_mode=flow_per_pair_rate_mbps
163,72,68,500000,35947584480,,slot=35;src=72;dst=68;rate_mbps=2.0;flow_size_byte=500000;packet_lambda_per_s=None;packet_size_byte=1500;lambda_mode=flow_per_pair_rate_mbps
164,70,67,500000,36249056788,,slot=36;src=70;dst=67;rate_mbps=2.0;flow_size_byte=500000;packet_lambda_per_s=None;packet_size_byte=1500;lambda_mode=flow_per_pair_rate_mbps
165,66,73,500000,36279528701,,slot=36;src=66;dst=73;rate_mbps=2.0;flow_size_byte=500000;packet_lambda_per_s=None;packet_size_byte=1500;lambda_mode=flow_per_pair_rate_mbps
166,71,75,500000,36289552718,,slot=36;src=71;dst=75;rate_mbps=2.0;flow_size_byte=500000;packet_lambda_per_s=None;packet_size_byte=1500;lambda_mode=flow_per_pair_rate_mbps
167,74,69,500000,36481064909,,slot=36;src=74;dst=69;rate_mbps=2.0;flow_size_byte=500000;packet_lambda_per_s=None;packet_size_byte=1500;lambda_mode=flow_per_pair_rate_mbps
168,71,75,500000,36489552718,,slot=36;src=71;dst=75;rate_mbps=2.0;flow_size_byte=500000;packet_lambda_per_s=None;packet_size_byte=1500;lambda_mode=flow_per_pair_rate_mbps
169,66,73,500000,36551681225,,slot=36;src=66;dst=73;rate_mbps=2.0;flow_size_byte=500000;packet_lambda_per_s=None;packet_size_byte=1500;lambda_mode=flow_per_pair_rate_mbps
170,73,66,500000,36591677487,,slot=36;src=73;dst=66;rate_mbps=2.0;flow_size_byte=500000;packet_lambda_per_s=None;packet_size_byte=1500;lambda_mode=flow_per_pair_rate_mbps
171,69,74,500000,37185223726,,slot=37;src=69;dst=74;rate_mbps=2.0;flow_size_byte=500000;packet_lambda_per_s=None;packet_size_byte=1500;lambda_mode=flow_per_pair_rate_mbps
172,73,66,500000,37290630353,,slot=37;src=73;dst=66;rate_mbps=2.0;flow_size_byte=500000;packet_lambda_per_s=None;packet_size_byte=1500;lambda_mode=flow_per_pair_rate_mbps
173,74,69,500000,37646924449,,slot=37;src=74;dst=69;rate_mbps=2.0;flow_size_byte=500000;packet_lambda_per_s=None;packet_size_byte=1500;lambda_mode=flow_per_pair_rate_mbps
174,67,70,500000,37870905082,,slot=37;src=67;dst=70;rate_mbps=2.0;flow_size_byte=500000;packet_lambda_per_s=None;packet_size_byte=1500;lambda_mode=flow_per_pair_rate_mbps
175,74,69,500000,38563989373,,slot=38;src=74;dst=69;rate_mbps=2.0;flow_size_byte=500000;packet_lambda_per_s=None;packet_size_byte=1500;lambda_mode=flow_per_pair_rate_mbps
176,73,66,500000,38697063686,,slot=38;src=73;dst=66;rate_mbps=2.0;flow_size_byte=500000;packet_lambda_per_s=None;packet_size_byte=1500;lambda_mode=flow_per_pair_rate_mbps
177,66,73,500000,39167478488,,slot=39;src=66;dst=73;rate_mbps=2.0;flow_size_byte=500000;packet_lambda_per_s=None;packet_size_byte=1500;lambda_mode=flow_per_pair_rate_mbps
178,68,72,500000,39489012678,,slot=39;src=68;dst=72;rate_mbps=2.0;flow_size_byte=500000;packet_lambda_per_s=None;packet_size_byte=1500;lambda_mode=flow_per_pair_rate_mbps
179,72,68,500000,39535176021,,slot=39;src=72;dst=68;rate_mbps=2.0;flow_size_byte=500000;packet_lambda_per_s=None;packet_size_byte=1500;lambda_mode=flow_per_pair_rate_mbps
180,66,73,500000,39610067938,,slot=39;src=66;dst=73;rate_mbps=2.0;flow_size_byte=500000;packet_lambda_per_s=None;packet_size_byte=1500;lambda_mode=flow_per_pair_rate_mbps
181,74,69,500000,39708302251,,slot=39;src=74;dst=69;rate_mbps=2.0;flow_size_byte=500000;packet_lambda_per_s=None;packet_size_byte=1500;lambda_mode=flow_per_pair_rate_mbps
182,69,74,500000,39766049354,,slot=39;src=69;dst=74;rate_mbps=2.0;flow_size_byte=500000;packet_lambda_per_s=None;packet_size_byte=1500;lambda_mode=flow_per_pair_rate_mbps
183,74,69,500000,40402111137,,slot=40;src=74;dst=69;rate_mbps=2.0;flow_size_byte=500000;packet_lambda_per_s=None;packet_size_byte=1500;lambda_mode=flow_per_pair_rate_mbps
184,68,72,500000,40466392016,,slot=40;src=68;dst=72;rate_mbps=2.0;flow_size_byte=500000;packet_lambda_per_s=None;packet_size_byte=1500;lambda_mode=flow_per_pair_rate_mbps
185,74,69,500000,40847749223,,slot=40;src=74;dst=69;rate_mbps=2.0;flow_size_byte=500000;packet_lambda_per_s=None;packet_size_byte=1500;lambda_mode=flow_per_pair_rate_mbps
186,66,73,500000,40986217955,,slot=40;src=66;dst=73;rate_mbps=2.0;flow_size_byte=500000;packet_lambda_per_s=None;packet_size_byte=1500;lambda_mode=flow_per_pair_rate_mbps
187,75,71,500000,41758678597,,slot=41;src=75;dst=71;rate_mbps=2.0;flow_size_byte=500000;packet_lambda_per_s=None;packet_size_byte=1500;lambda_mode=flow_per_pair_rate_mbps
188,74,69,500000,41773740179,,slot=41;src=74;dst=69;rate_mbps=2.0;flow_size_byte=500000;packet_lambda_per_s=None;packet_size_byte=1500;lambda_mode=flow_per_pair_rate_mbps
189,74,69,500000,41973740179,,slot=41;src=74;dst=69;rate_mbps=2.0;flow_size_byte=500000;packet_lambda_per_s=None;packet_size_byte=1500;lambda_mode=flow_per_pair_rate_mbps
190,71,75,500000,41980919227,,slot=41;src=71;dst=75;rate_mbps=2.0;flow_size_byte=500000;packet_lambda_per_s=None;packet_size_byte=1500;lambda_mode=flow_per_pair_rate_mbps
191,68,72,500000,42012709187,,slot=42;src=68;dst=72;rate_mbps=2.0;flow_size_byte=500000;packet_lambda_per_s=None;packet_size_byte=1500;lambda_mode=flow_per_pair_rate_mbps
192,68,72,500000,42463616379,,slot=42;src=68;dst=72;rate_mbps=2.0;flow_size_byte=500000;packet_lambda_per_s=None;packet_size_byte=1500;lambda_mode=flow_per_pair_rate_mbps
193,73,66,500000,42550158219,,slot=42;src=73;dst=66;rate_mbps=2.0;flow_size_byte=500000;packet_lambda_per_s=None;packet_size_byte=1500;lambda_mode=flow_per_pair_rate_mbps
194,74,69,500000,42712822362,,slot=42;src=74;dst=69;rate_mbps=2.0;flow_size_byte=500000;packet_lambda_per_s=None;packet_size_byte=1500;lambda_mode=flow_per_pair_rate_mbps
195,66,73,500000,42759797169,,slot=42;src=66;dst=73;rate_mbps=2.0;flow_size_byte=500000;packet_lambda_per_s=None;packet_size_byte=1500;lambda_mode=flow_per_pair_rate_mbps
196,72,68,500000,42800281016,,slot=42;src=72;dst=68;rate_mbps=2.0;flow_size_byte=500000;packet_lambda_per_s=None;packet_size_byte=1500;lambda_mode=flow_per_pair_rate_mbps
197,68,72,500000,42930638961,,slot=42;src=68;dst=72;rate_mbps=2.0;flow_size_byte=500000;packet_lambda_per_s=None;packet_size_byte=1500;lambda_mode=flow_per_pair_rate_mbps
198,71,75,500000,43662037590,,slot=43;src=71;dst=75;rate_mbps=2.0;flow_size_byte=500000;packet_lambda_per_s=None;packet_size_byte=1500;lambda_mode=flow_per_pair_rate_mbps
199,67,70,500000,43743656680,,slot=43;src=67;dst=70;rate_mbps=2.0;flow_size_byte=500000;packet_lambda_per_s=None;packet_size_byte=1500;lambda_mode=flow_per_pair_rate_mbps
200,68,72,500000,44364885276,,slot=44;src=68;dst=72;rate_mbps=2.0;flow_size_byte=500000;packet_lambda_per_s=None;packet_size_byte=1500;lambda_mode=flow_per_pair_rate_mbps
201,68,72,500000,44713827492,,slot=44;src=68;dst=72;rate_mbps=2.0;flow_size_byte=500000;packet_lambda_per_s=None;packet_size_byte=1500;lambda_mode=flow_per_pair_rate_mbps
202,70,67,500000,45247800231,,slot=45;src=70;dst=67;rate_mbps=2.0;flow_size_byte=500000;packet_lambda_per_s=None;packet_size_byte=1500;lambda_mode=flow_per_pair_rate_mbps
203,69,74,500000,45274195435,,slot=45;src=69;dst=74;rate_mbps=2.0;flow_size_byte=500000;packet_lambda_per_s=None;packet_size_byte=1500;lambda_mode=flow_per_pair_rate_mbps
204,67,70,500000,45291953990,,slot=45;src=67;dst=70;rate_mbps=2.0;flow_size_byte=500000;packet_lambda_per_s=None;packet_size_byte=1500;lambda_mode=flow_per_pair_rate_mbps
205,70,67,500000,45447800231,,slot=45;src=70;dst=67;rate_mbps=2.0;flow_size_byte=500000;packet_lambda_per_s=None;packet_size_byte=1500;lambda_mode=flow_per_pair_rate_mbps
206,75,71,500000,45756797310,,slot=45;src=75;dst=71;rate_mbps=2.0;flow_size_byte=500000;packet_lambda_per_s=None;packet_size_byte=1500;lambda_mode=flow_per_pair_rate_mbps
207,67,70,500000,46028130351,,slot=46;src=67;dst=70;rate_mbps=2.0;flow_size_byte=500000;packet_lambda_per_s=None;packet_size_byte=1500;lambda_mode=flow_per_pair_rate_mbps
208,71,75,500000,46246161402,,slot=46;src=71;dst=75;rate_mbps=2.0;flow_size_byte=500000;packet_lambda_per_s=None;packet_size_byte=1500;lambda_mode=flow_per_pair_rate_mbps
209,67,70,500000,46643494672,,slot=46;src=67;dst=70;rate_mbps=2.0;flow_size_byte=500000;packet_lambda_per_s=None;packet_size_byte=1500;lambda_mode=flow_per_pair_rate_mbps
210,73,66,500000,46870309048,,slot=46;src=73;dst=66;rate_mbps=2.0;flow_size_byte=500000;packet_lambda_per_s=None;packet_size_byte=1500;lambda_mode=flow_per_pair_rate_mbps
211,71,75,500000,46912403719,,slot=46;src=71;dst=75;rate_mbps=2.0;flow_size_byte=500000;packet_lambda_per_s=None;packet_size_byte=1500;lambda_mode=flow_per_pair_rate_mbps
212,67,70,500000,46992390159,,slot=46;src=67;dst=70;rate_mbps=2.0;flow_size_byte=500000;packet_lambda_per_s=None;packet_size_byte=1500;lambda_mode=flow_per_pair_rate_mbps
213,75,71,500000,47035728409,,slot=47;src=75;dst=71;rate_mbps=2.0;flow_size_byte=500000;packet_lambda_per_s=None;packet_size_byte=1500;lambda_mode=flow_per_pair_rate_mbps
214,66,73,500000,47206257954,,slot=47;src=66;dst=73;rate_mbps=2.0;flow_size_byte=500000;packet_lambda_per_s=None;packet_size_byte=1500;lambda_mode=flow_per_pair_rate_mbps
215,71,75,500000,47645957942,,slot=47;src=71;dst=75;rate_mbps=2.0;flow_size_byte=500000;packet_lambda_per_s=None;packet_size_byte=1500;lambda_mode=flow_per_pair_rate_mbps
216,67,70,500000,47926845704,,slot=47;src=67;dst=70;rate_mbps=2.0;flow_size_byte=500000;packet_lambda_per_s=None;packet_size_byte=1500;lambda_mode=flow_per_pair_rate_mbps
217,75,71,500000,48102150029,,slot=48;src=75;dst=71;rate_mbps=2.0;flow_size_byte=500000;packet_lambda_per_s=None;packet_size_byte=1500;lambda_mode=flow_per_pair_rate_mbps
218,66,73,500000,48155879360,,slot=48;src=66;dst=73;rate_mbps=2.0;flow_size_byte=500000;packet_lambda_per_s=None;packet_size_byte=1500;lambda_mode=flow_per_pair_rate_mbps
219,67,70,500000,48465894130,,slot=48;src=67;dst=70;rate_mbps=2.0;flow_size_byte=500000;packet_lambda_per_s=None;packet_size_byte=1500;lambda_mode=flow_per_pair_rate_mbps
220,74,69,500000,48799638215,,slot=48;src=74;dst=69;rate_mbps=2.0;flow_size_byte=500000;packet_lambda_per_s=None;packet_size_byte=1500;lambda_mode=flow_per_pair_rate_mbps
221,71,75,500000,48863972116,,slot=48;src=71;dst=75;rate_mbps=2.0;flow_size_byte=500000;packet_lambda_per_s=None;packet_size_byte=1500;lambda_mode=flow_per_pair_rate_mbps
222,71,75,500000,49378537263,,slot=49;src=71;dst=75;rate_mbps=2.0;flow_size_byte=500000;packet_lambda_per_s=None;packet_size_byte=1500;lambda_mode=flow_per_pair_rate_mbps
223,70,67,500000,49614078516,,slot=49;src=70;dst=67;rate_mbps=2.0;flow_size_byte=500000;packet_lambda_per_s=None;packet_size_byte=1500;lambda_mode=flow_per_pair_rate_mbps
224,71,75,500000,49725271312,,slot=49;src=71;dst=75;rate_mbps=2.0;flow_size_byte=500000;packet_lambda_per_s=None;packet_size_byte=1500;lambda_mode=flow_per_pair_rate_mbps
225,66,73,500000,49955092608,,slot=49;src=66;dst=73;rate_mbps=2.0;flow_size_byte=500000;packet_lambda_per_s=None;packet_size_byte=1500;lambda_mode=flow_per_pair_rate_mbps
226,73,66,500000,50016854107,,slot=50;src=73;dst=66;rate_mbps=2.0;flow_size_byte=500000;packet_lambda_per_s=None;packet_size_byte=1500;lambda_mode=flow_per_pair_rate_mbps
227,72,68,500000,50113101322,,slot=50;src=72;dst=68;rate_mbps=2.0;flow_size_byte=500000;packet_lambda_per_s=None;packet_size_byte=1500;lambda_mode=flow_per_pair_rate_mbps
228,66,73,500000,50155092608,,slot=50;src=66;dst=73;rate_mbps=2.0;flow_size_byte=500000;packet_lambda_per_s=None;packet_size_byte=1500;lambda_mode=flow_per_pair_rate_mbps
229,74,69,500000,50191883983,,slot=50;src=74;dst=69;rate_mbps=2.0;flow_size_byte=500000;packet_lambda_per_s=None;packet_size_byte=1500;lambda_mode=flow_per_pair_rate_mbps
230,75,71,500000,50329700689,,slot=50;src=75;dst=71;rate_mbps=2.0;flow_size_byte=500000;packet_lambda_per_s=None;packet_size_byte=1500;lambda_mode=flow_per_pair_rate_mbps
231,66,73,500000,50355092608,,slot=50;src=66;dst=73;rate_mbps=2.0;flow_size_byte=500000;packet_lambda_per_s=None;packet_size_byte=1500;lambda_mode=flow_per_pair_rate_mbps
232,71,75,500000,50399393361,,slot=50;src=71;dst=75;rate_mbps=2.0;flow_size_byte=500000;packet_lambda_per_s=None;packet_size_byte=1500;lambda_mode=flow_per_pair_rate_mbps
233,70,67,500000,50824563949,,slot=50;src=70;dst=67;rate_mbps=2.0;flow_size_byte=500000;packet_lambda_per_s=None;packet_size_byte=1500;lambda_mode=flow_per_pair_rate_mbps
234,74,69,500000,51214422029,,slot=51;src=74;dst=69;rate_mbps=2.0;flow_size_byte=500000;packet_lambda_per_s=None;packet_size_byte=1500;lambda_mode=flow_per_pair_rate_mbps
235,69,74,500000,51305722860,,slot=51;src=69;dst=74;rate_mbps=2.0;flow_size_byte=500000;packet_lambda_per_s=None;packet_size_byte=1500;lambda_mode=flow_per_pair_rate_mbps
236,72,68,500000,51745588406,,slot=51;src=72;dst=68;rate_mbps=2.0;flow_size_byte=500000;packet_lambda_per_s=None;packet_size_byte=1500;lambda_mode=flow_per_pair_rate_mbps
237,73,66,500000,51819469620,,slot=51;src=73;dst=66;rate_mbps=2.0;flow_size_byte=500000;packet_lambda_per_s=None;packet_size_byte=1500;lambda_mode=flow_per_pair_rate_mbps
238,71,75,500000,52204514646,,slot=52;src=71;dst=75;rate_mbps=2.0;flow_size_byte=500000;packet_lambda_per_s=None;packet_size_byte=1500;lambda_mode=flow_per_pair_rate_mbps
239,73,66,500000,52373762122,,slot=52;src=73;dst=66;rate_mbps=2.0;flow_size_byte=500000;packet_lambda_per_s=None;packet_size_byte=1500;lambda_mode=flow_per_pair_rate_mbps
240,71,75,500000,52647106035,,slot=52;src=71;dst=75;rate_mbps=2.0;flow_size_byte=500000;packet_lambda_per_s=None;packet_size_byte=1500;lambda_mode=flow_per_pair_rate_mbps
241,69,74,500000,52689726305,,slot=52;src=69;dst=74;rate_mbps=2.0;flow_size_byte=500000;packet_lambda_per_s=None;packet_size_byte=1500;lambda_mode=flow_per_pair_rate_mbps
242,70,67,500000,52758665106,,slot=52;src=70;dst=67;rate_mbps=2.0;flow_size_byte=500000;packet_lambda_per_s=None;packet_size_byte=1500;lambda_mode=flow_per_pair_rate_mbps
243,67,70,500000,52870770607,,slot=52;src=67;dst=70;rate_mbps=2.0;flow_size_byte=500000;packet_lambda_per_s=None;packet_size_byte=1500;lambda_mode=flow_per_pair_rate_mbps
244,75,71,500000,52956466878,,slot=52;src=75;dst=71;rate_mbps=2.0;flow_size_byte=500000;packet_lambda_per_s=None;packet_size_byte=1500;lambda_mode=flow_per_pair_rate_mbps
245,69,74,500000,53074125859,,slot=53;src=69;dst=74;rate_mbps=2.0;flow_size_byte=500000;packet_lambda_per_s=None;packet_size_byte=1500;lambda_mode=flow_per_pair_rate_mbps
246,67,70,500000,53115378998,,slot=53;src=67;dst=70;rate_mbps=2.0;flow_size_byte=500000;packet_lambda_per_s=None;packet_size_byte=1500;lambda_mode=flow_per_pair_rate_mbps
247,69,74,500000,53274125859,,slot=53;src=69;dst=74;rate_mbps=2.0;flow_size_byte=500000;packet_lambda_per_s=None;packet_size_byte=1500;lambda_mode=flow_per_pair_rate_mbps
248,66,73,500000,53565230892,,slot=53;src=66;dst=73;rate_mbps=2.0;flow_size_byte=500000;packet_lambda_per_s=None;packet_size_byte=1500;lambda_mode=flow_per_pair_rate_mbps
249,68,72,500000,53737854087,,slot=53;src=68;dst=72;rate_mbps=2.0;flow_size_byte=500000;packet_lambda_per_s=None;packet_size_byte=1500;lambda_mode=flow_per_pair_rate_mbps
250,69,74,500000,53793763670,,slot=53;src=69;dst=74;rate_mbps=2.0;flow_size_byte=500000;packet_lambda_per_s=None;packet_size_byte=1500;lambda_mode=flow_per_pair_rate_mbps
251,72,68,500000,53934845795,,slot=53;src=72;dst=68;rate_mbps=2.0;flow_size_byte=500000;packet_lambda_per_s=None;packet_size_byte=1500;lambda_mode=flow_per_pair_rate_mbps
252,75,71,500000,54321410281,,slot=54;src=75;dst=71;rate_mbps=2.0;flow_size_byte=500000;packet_lambda_per_s=None;packet_size_byte=1500;lambda_mode=flow_per_pair_rate_mbps
253,67,70,500000,54715107770,,slot=54;src=67;dst=70;rate_mbps=2.0;flow_size_byte=500000;packet_lambda_per_s=None;packet_size_byte=1500;lambda_mode=flow_per_pair_rate_mbps
254,75,71,500000,55170238711,,slot=55;src=75;dst=71;rate_mbps=2.0;flow_size_byte=500000;packet_lambda_per_s=None;packet_size_byte=1500;lambda_mode=flow_per_pair_rate_mbps
255,68,72,500000,55190384597,,slot=55;src=68;dst=72;rate_mbps=2.0;flow_size_byte=500000;packet_lambda_per_s=None;packet_size_byte=1500;lambda_mode=flow_per_pair_rate_mbps
256,74,69,500000,55438226991,,slot=55;src=74;dst=69;rate_mbps=2.0;flow_size_byte=500000;packet_lambda_per_s=None;packet_size_byte=1500;lambda_mode=flow_per_pair_rate_mbps
257,70,67,500000,55453520033,,slot=55;src=70;dst=67;rate_mbps=2.0;flow_size_byte=500000;packet_lambda_per_s=None;packet_size_byte=1500;lambda_mode=flow_per_pair_rate_mbps
258,74,69,500000,55638226991,,slot=55;src=74;dst=69;rate_mbps=2.0;flow_size_byte=500000;packet_lambda_per_s=None;packet_size_byte=1500;lambda_mode=flow_per_pair_rate_mbps
259,74,69,500000,55838226991,,slot=55;src=74;dst=69;rate_mbps=2.0;flow_size_byte=500000;packet_lambda_per_s=None;packet_size_byte=1500;lambda_mode=flow_per_pair_rate_mbps
260,71,75,500000,56510506362,,slot=56;src=71;dst=75;rate_mbps=2.0;flow_size_byte=500000;packet_lambda_per_s=None;packet_size_byte=1500;lambda_mode=flow_per_pair_rate_mbps
261,72,68,500000,56903713339,,slot=56;src=72;dst=68;rate_mbps=2.0;flow_size_byte=500000;packet_lambda_per_s=None;packet_size_byte=1500;lambda_mode=flow_per_pair_rate_mbps
262,69,74,500000,58107275388,,slot=58;src=69;dst=74;rate_mbps=2.0;flow_size_byte=500000;packet_lambda_per_s=None;packet_size_byte=1500;lambda_mode=flow_per_pair_rate_mbps
263,71,75,500000,58280134301,,slot=58;src=71;dst=75;rate_mbps=2.0;flow_size_byte=500000;packet_lambda_per_s=None;packet_size_byte=1500;lambda_mode=flow_per_pair_rate_mbps
264,73,66,500000,58303188764,,slot=58;src=73;dst=66;rate_mbps=2.0;flow_size_byte=500000;packet_lambda_per_s=None;packet_size_byte=1500;lambda_mode=flow_per_pair_rate_mbps
265,73,66,500000,58605421647,,slot=58;src=73;dst=66;rate_mbps=2.0;flow_size_byte=500000;packet_lambda_per_s=None;packet_size_byte=1500;lambda_mode=flow_per_pair_rate_mbps
266,68,72,500000,58762337812,,slot=58;src=68;dst=72;rate_mbps=2.0;flow_size_byte=500000;packet_lambda_per_s=None;packet_size_byte=1500;lambda_mode=flow_per_pair_rate_mbps
267,75,71,500000,58919025699,,slot=58;src=75;dst=71;rate_mbps=2.0;flow_size_byte=500000;packet_lambda_per_s=None;packet_size_byte=1500;lambda_mode=flow_per_pair_rate_mbps
268,70,67,500000,59087504693,,slot=59;src=70;dst=67;rate_mbps=2.0;flow_size_byte=500000;packet_lambda_per_s=None;packet_size_byte=1500;lambda_mode=flow_per_pair_rate_mbps
269,73,66,500000,59485030736,,slot=59;src=73;dst=66;rate_mbps=2.0;flow_size_byte=500000;packet_lambda_per_s=None;packet_size_byte=1500;lambda_mode=flow_per_pair_rate_mbps
270,69,74,500000,59583377536,,slot=59;src=69;dst=74;rate_mbps=2.0;flow_size_byte=500000;packet_lambda_per_s=None;packet_size_byte=1500;lambda_mode=flow_per_pair_rate_mbps
271,67,70,500000,59610754691,,slot=59;src=67;dst=70;rate_mbps=2.0;flow_size_byte=500000;packet_lambda_per_s=None;packet_size_byte=1500;lambda_mode=flow_per_pair_rate_mbps
272,74,69,500000,59624120392,,slot=59;src=74;dst=69;rate_mbps=2.0;flow_size_byte=500000;packet_lambda_per_s=None;packet_size_byte=1500;lambda_mode=flow_per_pair_rate_mbps
273,69,74,500000,59913410027,,slot=59;src=69;dst=74;rate_mbps=2.0;flow_size_byte=500000;packet_lambda_per_s=None;packet_size_byte=1500;lambda_mode=flow_per_pair_rate_mbps
274,68,72,500000,60354780485,,slot=60;src=68;dst=72;rate_mbps=2.0;flow_size_byte=500000;packet_lambda_per_s=None;packet_size_byte=1500;lambda_mode=flow_per_pair_rate_mbps
275,74,69,500000,60424699244,,slot=60;src=74;dst=69;rate_mbps=2.0;flow_size_byte=500000;packet_lambda_per_s=None;packet_size_byte=1500;lambda_mode=flow_per_pair_rate_mbps
276,75,71,500000,60719042500,,slot=60;src=75;dst=71;rate_mbps=2.0;flow_size_byte=500000;packet_lambda_per_s=None;packet_size_byte=1500;lambda_mode=flow_per_pair_rate_mbps
277,74,69,500000,60801230742,,slot=60;src=74;dst=69;rate_mbps=2.0;flow_size_byte=500000;packet_lambda_per_s=None;packet_size_byte=1500;lambda_mode=flow_per_pair_rate_mbps
278,73,66,500000,60866019097,,slot=60;src=73;dst=66;rate_mbps=2.0;flow_size_byte=500000;packet_lambda_per_s=None;packet_size_byte=1500;lambda_mode=flow_per_pair_rate_mbps
279,75,71,500000,61148496596,,slot=61;src=75;dst=71;rate_mbps=2.0;flow_size_byte=500000;packet_lambda_per_s=None;packet_size_byte=1500;lambda_mode=flow_per_pair_rate_mbps
280,66,73,500000,61224624019,,slot=61;src=66;dst=73;rate_mbps=2.0;flow_size_byte=500000;packet_lambda_per_s=None;packet_size_byte=1500;lambda_mode=flow_per_pair_rate_mbps
281,69,74,500000,61498654673,,slot=61;src=69;dst=74;rate_mbps=2.0;flow_size_byte=500000;packet_lambda_per_s=None;packet_size_byte=1500;lambda_mode=flow_per_pair_rate_mbps
282,66,73,500000,62333600177,,slot=62;src=66;dst=73;rate_mbps=2.0;flow_size_byte=500000;packet_lambda_per_s=None;packet_size_byte=1500;lambda_mode=flow_per_pair_rate_mbps
283,73,66,500000,62639189795,,slot=62;src=73;dst=66;rate_mbps=2.0;flow_size_byte=500000;packet_lambda_per_s=None;packet_size_byte=1500;lambda_mode=flow_per_pair_rate_mbps
284,73,66,500000,62839189795,,slot=62;src=73;dst=66;rate_mbps=2.0;flow_size_byte=500000;packet_lambda_per_s=None;packet_size_byte=1500;lambda_mode=flow_per_pair_rate_mbps
285,68,72,500000,63005267772,,slot=63;src=68;dst=72;rate_mbps=2.0;flow_size_byte=500000;packet_lambda_per_s=None;packet_size_byte=1500;lambda_mode=flow_per_pair_rate_mbps
286,75,71,500000,63014666468,,slot=63;src=75;dst=71;rate_mbps=2.0;flow_size_byte=500000;packet_lambda_per_s=None;packet_size_byte=1500;lambda_mode=flow_per_pair_rate_mbps
287,73,66,500000,63039189795,,slot=62;src=73;dst=66;rate_mbps=2.0;flow_size_byte=500000;packet_lambda_per_s=None;packet_size_byte=1500;lambda_mode=flow_per_pair_rate_mbps
288,73,66,500000,63239189795,,slot=63;src=73;dst=66;rate_mbps=2.0;flow_size_byte=500000;packet_lambda_per_s=None;packet_size_byte=1500;lambda_mode=flow_per_pair_rate_mbps
289,70,67,500000,63439621576,,slot=63;src=70;dst=67;rate_mbps=2.0;flow_size_byte=500000;packet_lambda_per_s=None;packet_size_byte=1500;lambda_mode=flow_per_pair_rate_mbps
290,72,68,500000,63552714612,,slot=63;src=72;dst=68;rate_mbps=2.0;flow_size_byte=500000;packet_lambda_per_s=None;packet_size_byte=1500;lambda_mode=flow_per_pair_rate_mbps
291,68,72,500000,63844718662,,slot=63;src=68;dst=72;rate_mbps=2.0;flow_size_byte=500000;packet_lambda_per_s=None;packet_size_byte=1500;lambda_mode=flow_per_pair_rate_mbps
292,71,75,500000,63993597282,,slot=63;src=71;dst=75;rate_mbps=2.0;flow_size_byte=500000;packet_lambda_per_s=None;packet_size_byte=1500;lambda_mode=flow_per_pair_rate_mbps
293,75,71,500000,64200036127,,slot=64;src=75;dst=71;rate_mbps=2.0;flow_size_byte=500000;packet_lambda_per_s=None;packet_size_byte=1500;lambda_mode=flow_per_pair_rate_mbps
294,66,73,500000,64372572877,,slot=64;src=66;dst=73;rate_mbps=2.0;flow_size_byte=500000;packet_lambda_per_s=None;packet_size_byte=1500;lambda_mode=flow_per_pair_rate_mbps
295,67,70,500000,64654915521,,slot=64;src=67;dst=70;rate_mbps=2.0;flow_size_byte=500000;packet_lambda_per_s=None;packet_size_byte=1500;lambda_mode=flow_per_pair_rate_mbps
296,75,71,500000,64760643276,,slot=64;src=75;dst=71;rate_mbps=2.0;flow_size_byte=500000;packet_lambda_per_s=None;packet_size_byte=1500;lambda_mode=flow_per_pair_rate_mbps
297,68,72,500000,64977298147,,slot=64;src=68;dst=72;rate_mbps=2.0;flow_size_byte=500000;packet_lambda_per_s=None;packet_size_byte=1500;lambda_mode=flow_per_pair_rate_mbps
298,70,67,500000,65025893387,,slot=65;src=70;dst=67;rate_mbps=2.0;flow_size_byte=500000;packet_lambda_per_s=None;packet_size_byte=1500;lambda_mode=flow_per_pair_rate_mbps
299,74,69,500000,65057364340,,slot=65;src=74;dst=69;rate_mbps=2.0;flow_size_byte=500000;packet_lambda_per_s=None;packet_size_byte=1500;lambda_mode=flow_per_pair_rate_mbps
300,68,72,500000,65690452037,,slot=65;src=68;dst=72;rate_mbps=2.0;flow_size_byte=500000;packet_lambda_per_s=None;packet_size_byte=1500;lambda_mode=flow_per_pair_rate_mbps
301,71,75,500000,65695221866,,slot=65;src=71;dst=75;rate_mbps=2.0;flow_size_byte=500000;packet_lambda_per_s=None;packet_size_byte=1500;lambda_mode=flow_per_pair_rate_mbps
302,66,73,500000,65743674033,,slot=65;src=66;dst=73;rate_mbps=2.0;flow_size_byte=500000;packet_lambda_per_s=None;packet_size_byte=1500;lambda_mode=flow_per_pair_rate_mbps
303,72,68,500000,65887757916,,slot=65;src=72;dst=68;rate_mbps=2.0;flow_size_byte=500000;packet_lambda_per_s=None;packet_size_byte=1500;lambda_mode=flow_per_pair_rate_mbps
304,66,73,500000,67057760905,,slot=67;src=66;dst=73;rate_mbps=2.0;flow_size_byte=500000;packet_lambda_per_s=None;packet_size_byte=1500;lambda_mode=flow_per_pair_rate_mbps
305,74,69,500000,67504897737,,slot=67;src=74;dst=69;rate_mbps=2.0;flow_size_byte=500000;packet_lambda_per_s=None;packet_size_byte=1500;lambda_mode=flow_per_pair_rate_mbps
306,73,66,500000,67658681852,,slot=67;src=73;dst=66;rate_mbps=2.0;flow_size_byte=500000;packet_lambda_per_s=None;packet_size_byte=1500;lambda_mode=flow_per_pair_rate_mbps
307,68,72,500000,68033898016,,slot=68;src=68;dst=72;rate_mbps=2.0;flow_size_byte=500000;packet_lambda_per_s=None;packet_size_byte=1500;lambda_mode=flow_per_pair_rate_mbps
308,67,70,500000,68138790674,,slot=68;src=67;dst=70;rate_mbps=2.0;flow_size_byte=500000;packet_lambda_per_s=None;packet_size_byte=1500;lambda_mode=flow_per_pair_rate_mbps
309,73,66,500000,68192815190,,slot=68;src=73;dst=66;rate_mbps=2.0;flow_size_byte=500000;packet_lambda_per_s=None;packet_size_byte=1500;lambda_mode=flow_per_pair_rate_mbps
310,66,73,500000,68335676526,,slot=68;src=66;dst=73;rate_mbps=2.0;flow_size_byte=500000;packet_lambda_per_s=None;packet_size_byte=1500;lambda_mode=flow_per_pair_rate_mbps
311,71,75,500000,68389970020,,slot=68;src=71;dst=75;rate_mbps=2.0;flow_size_byte=500000;packet_lambda_per_s=None;packet_size_byte=1500;lambda_mode=flow_per_pair_rate_mbps
312,68,72,500000,68807454585,,slot=68;src=68;dst=72;rate_mbps=2.0;flow_size_byte=500000;packet_lambda_per_s=None;packet_size_byte=1500;lambda_mode=flow_per_pair_rate_mbps
313,67,70,500000,68818037473,,slot=68;src=67;dst=70;rate_mbps=2.0;flow_size_byte=500000;packet_lambda_per_s=None;packet_size_byte=1500;lambda_mode=flow_per_pair_rate_mbps
314,73,66,500000,68828674482,,slot=68;src=73;dst=66;rate_mbps=2.0;flow_size_byte=500000;packet_lambda_per_s=None;packet_size_byte=1500;lambda_mode=flow_per_pair_rate_mbps
315,74,69,500000,69226420005,,slot=69;src=74;dst=69;rate_mbps=2.0;flow_size_byte=500000;packet_lambda_per_s=None;packet_size_byte=1500;lambda_mode=flow_per_pair_rate_mbps
316,66,73,500000,69339767740,,slot=69;src=66;dst=73;rate_mbps=2.0;flow_size_byte=500000;packet_lambda_per_s=None;packet_size_byte=1500;lambda_mode=flow_per_pair_rate_mbps
317,66,73,500000,69539767740,,slot=69;src=66;dst=73;rate_mbps=2.0;flow_size_byte=500000;packet_lambda_per_s=None;packet_size_byte=1500;lambda_mode=flow_per_pair_rate_mbps
318,70,67,500000,69962692801,,slot=69;src=70;dst=67;rate_mbps=2.0;flow_size_byte=500000;packet_lambda_per_s=None;packet_size_byte=1500;lambda_mode=flow_per_pair_rate_mbps
319,69,74,500000,70074943540,,slot=70;src=69;dst=74;rate_mbps=2.0;flow_size_byte=500000;packet_lambda_per_s=None;packet_size_byte=1500;lambda_mode=flow_per_pair_rate_mbps
320,66,73,500000,70152084882,,slot=70;src=66;dst=73;rate_mbps=2.0;flow_size_byte=500000;packet_lambda_per_s=None;packet_size_byte=1500;lambda_mode=flow_per_pair_rate_mbps
321,70,67,500000,70162692801,,slot=70;src=70;dst=67;rate_mbps=2.0;flow_size_byte=500000;packet_lambda_per_s=None;packet_size_byte=1500;lambda_mode=flow_per_pair_rate_mbps
322,68,72,500000,70720819548,,slot=70;src=68;dst=72;rate_mbps=2.0;flow_size_byte=500000;packet_lambda_per_s=None;packet_size_byte=1500;lambda_mode=flow_per_pair_rate_mbps
323,70,67,500000,70985988494,,slot=70;src=70;dst=67;rate_mbps=2.0;flow_size_byte=500000;packet_lambda_per_s=None;packet_size_byte=1500;lambda_mode=flow_per_pair_rate_mbps
324,72,68,500000,71014642892,,slot=71;src=72;dst=68;rate_mbps=2.0;flow_size_byte=500000;packet_lambda_per_s=None;packet_size_byte=1500;lambda_mode=flow_per_pair_rate_mbps
325,69,74,500000,71041566920,,slot=71;src=69;dst=74;rate_mbps=2.0;flow_size_byte=500000;packet_lambda_per_s=None;packet_size_byte=1500;lambda_mode=flow_per_pair_rate_mbps
326,75,71,500000,71218352067,,slot=71;src=75;dst=71;rate_mbps=2.0;flow_size_byte=500000;packet_lambda_per_s=None;packet_size_byte=1500;lambda_mode=flow_per_pair_rate_mbps
327,70,67,500000,71431389780,,slot=71;src=70;dst=67;rate_mbps=2.0;flow_size_byte=500000;packet_lambda_per_s=None;packet_size_byte=1500;lambda_mode=flow_per_pair_rate_mbps
328,74,69,500000,71470463799,,slot=71;src=74;dst=69;rate_mbps=2.0;flow_size_byte=500000;packet_lambda_per_s=None;packet_size_byte=1500;lambda_mode=flow_per_pair_rate_mbps
329,71,75,500000,71597142683,,slot=71;src=71;dst=75;rate_mbps=2.0;flow_size_byte=500000;packet_lambda_per_s=None;packet_size_byte=1500;lambda_mode=flow_per_pair_rate_mbps
330,71,75,500000,71797142683,,slot=71;src=71;dst=75;rate_mbps=2.0;flow_size_byte=500000;packet_lambda_per_s=None;packet_size_byte=1500;lambda_mode=flow_per_pair_rate_mbps
331,71,75,500000,72003225879,,slot=72;src=71;dst=75;rate_mbps=2.0;flow_size_byte=500000;packet_lambda_per_s=None;packet_size_byte=1500;lambda_mode=flow_per_pair_rate_mbps
332,74,69,500000,72833334820,,slot=72;src=74;dst=69;rate_mbps=2.0;flow_size_byte=500000;packet_lambda_per_s=None;packet_size_byte=1500;lambda_mode=flow_per_pair_rate_mbps
333,74,69,500000,73033334820,,slot=72;src=74;dst=69;rate_mbps=2.0;flow_size_byte=500000;packet_lambda_per_s=None;packet_size_byte=1500;lambda_mode=flow_per_pair_rate_mbps
334,73,66,500000,73233637627,,slot=73;src=73;dst=66;rate_mbps=2.0;flow_size_byte=500000;packet_lambda_per_s=None;packet_size_byte=1500;lambda_mode=flow_per_pair_rate_mbps
335,68,72,500000,73320756258,,slot=73;src=68;dst=72;rate_mbps=2.0;flow_size_byte=500000;packet_lambda_per_s=None;packet_size_byte=1500;lambda_mode=flow_per_pair_rate_mbps
336,66,73,500000,73356492186,,slot=73;src=66;dst=73;rate_mbps=2.0;flow_size_byte=500000;packet_lambda_per_s=None;packet_size_byte=1500;lambda_mode=flow_per_pair_rate_mbps
337,74,69,500000,73407723071,,slot=73;src=74;dst=69;rate_mbps=2.0;flow_size_byte=500000;packet_lambda_per_s=None;packet_size_byte=1500;lambda_mode=flow_per_pair_rate_mbps
338,67,70,500000,73418423086,,slot=73;src=67;dst=70;rate_mbps=2.0;flow_size_byte=500000;packet_lambda_per_s=None;packet_size_byte=1500;lambda_mode=flow_per_pair_rate_mbps
339,66,73,500000,73556492186,,slot=73;src=66;dst=73;rate_mbps=2.0;flow_size_byte=500000;packet_lambda_per_s=None;packet_size_byte=1500;lambda_mode=flow_per_pair_rate_mbps
340,66,73,500000,74081641519,,slot=74;src=66;dst=73;rate_mbps=2.0;flow_size_byte=500000;packet_lambda_per_s=None;packet_size_byte=1500;lambda_mode=flow_per_pair_rate_mbps
341,71,75,500000,74497181918,,slot=74;src=71;dst=75;rate_mbps=2.0;flow_size_byte=500000;packet_lambda_per_s=None;packet_size_byte=1500;lambda_mode=flow_per_pair_rate_mbps
342,71,75,500000,74833587843,,slot=74;src=71;dst=75;rate_mbps=2.0;flow_size_byte=500000;packet_lambda_per_s=None;packet_size_byte=1500;lambda_mode=flow_per_pair_rate_mbps
343,67,70,500000,74837134874,,slot=74;src=67;dst=70;rate_mbps=2.0;flow_size_byte=500000;packet_lambda_per_s=None;packet_size_byte=1500;lambda_mode=flow_per_pair_rate_mbps
344,73,66,500000,74866762178,,slot=74;src=73;dst=66;rate_mbps=2.0;flow_size_byte=500000;packet_lambda_per_s=None;packet_size_byte=1500;lambda_mode=flow_per_pair_rate_mbps
345,68,72,500000,74871393851,,slot=74;src=68;dst=72;rate_mbps=2.0;flow_size_byte=500000;packet_lambda_per_s=None;packet_size_byte=1500;lambda_mode=flow_per_pair_rate_mbps
346,72,68,500000,74958263439,,slot=74;src=72;dst=68;rate_mbps=2.0;flow_size_byte=500000;packet_lambda_per_s=None;packet_size_byte=1500;lambda_mode=flow_per_pair_rate_mbps
347,74,69,500000,75360007548,,slot=75;src=74;dst=69;rate_mbps=2.0;flow_size_byte=500000;packet_lambda_per_s=None;packet_size_byte=1500;lambda_mode=flow_per_pair_rate_mbps
348,75,71,500000,75541775940,,slot=75;src=75;dst=71;rate_mbps=2.0;flow_size_byte=500000;packet_lambda_per_s=None;packet_size_byte=1500;lambda_mode=flow_per_pair_rate_mbps
349,75,71,500000,75741775940,,slot=75;src=75;dst=71;rate_mbps=2.0;flow_size_byte=500000;packet_lambda_per_s=None;packet_size_byte=1500;lambda_mode=flow_per_pair_rate_mbps
350,73,66,500000,76209214206,,slot=76;src=73;dst=66;rate_mbps=2.0;flow_size_byte=500000;packet_lambda_per_s=None;packet_size_byte=1500;lambda_mode=flow_per_pair_rate_mbps
351,66,73,500000,76423171197,,slot=76;src=66;dst=73;rate_mbps=2.0;flow_size_byte=500000;packet_lambda_per_s=None;packet_size_byte=1500;lambda_mode=flow_per_pair_rate_mbps
352,68,72,500000,76538939430,,slot=76;src=68;dst=72;rate_mbps=2.0;flow_size_byte=500000;packet_lambda_per_s=None;packet_size_byte=1500;lambda_mode=flow_per_pair_rate_mbps
353,71,75,500000,76667467197,,slot=76;src=71;dst=75;rate_mbps=2.0;flow_size_byte=500000;packet_lambda_per_s=None;packet_size_byte=1500;lambda_mode=flow_per_pair_rate_mbps
354,72,68,500000,76776642347,,slot=76;src=72;dst=68;rate_mbps=2.0;flow_size_byte=500000;packet_lambda_per_s=None;packet_size_byte=1500;lambda_mode=flow_per_pair_rate_mbps
355,71,75,500000,77033439181,,slot=77;src=71;dst=75;rate_mbps=2.0;flow_size_byte=500000;packet_lambda_per_s=None;packet_size_byte=1500;lambda_mode=flow_per_pair_rate_mbps
356,70,67,500000,77160792407,,slot=77;src=70;dst=67;rate_mbps=2.0;flow_size_byte=500000;packet_lambda_per_s=None;packet_size_byte=1500;lambda_mode=flow_per_pair_rate_mbps
357,69,74,500000,77510342067,,slot=77;src=69;dst=74;rate_mbps=2.0;flow_size_byte=500000;packet_lambda_per_s=None;packet_size_byte=1500;lambda_mode=flow_per_pair_rate_mbps
358,66,73,500000,77604204253,,slot=77;src=66;dst=73;rate_mbps=2.0;flow_size_byte=500000;packet_lambda_per_s=None;packet_size_byte=1500;lambda_mode=flow_per_pair_rate_mbps
359,71,75,500000,77992841485,,slot=77;src=71;dst=75;rate_mbps=2.0;flow_size_byte=500000;packet_lambda_per_s=None;packet_size_byte=1500;lambda_mode=flow_per_pair_rate_mbps
360,66,73,500000,78025216462,,slot=78;src=66;dst=73;rate_mbps=2.0;flow_size_byte=500000;packet_lambda_per_s=None;packet_size_byte=1500;lambda_mode=flow_per_pair_rate_mbps
361,68,72,500000,78029519133,,slot=78;src=68;dst=72;rate_mbps=2.0;flow_size_byte=500000;packet_lambda_per_s=None;packet_size_byte=1500;lambda_mode=flow_per_pair_rate_mbps
362,72,68,500000,78150006213,,slot=78;src=72;dst=68;rate_mbps=2.0;flow_size_byte=500000;packet_lambda_per_s=None;packet_size_byte=1500;lambda_mode=flow_per_pair_rate_mbps
363,66,73,500000,78225216462,,slot=78;src=66;dst=73;rate_mbps=2.0;flow_size_byte=500000;packet_lambda_per_s=None;packet_size_byte=1500;lambda_mode=flow_per_pair_rate_mbps
364,68,72,500000,78229519133,,slot=78;src=68;dst=72;rate_mbps=2.0;flow_size_byte=500000;packet_lambda_per_s=None;packet_size_byte=1500;lambda_mode=flow_per_pair_rate_mbps
365,68,72,500000,78861176969,,slot=78;src=68;dst=72;rate_mbps=2.0;flow_size_byte=500000;packet_lambda_per_s=None;packet_size_byte=1500;lambda_mode=flow_per_pair_rate_mbps
366,72,68,500000,79003367713,,slot=79;src=72;dst=68;rate_mbps=2.0;flow_size_byte=500000;packet_lambda_per_s=None;packet_size_byte=1500;lambda_mode=flow_per_pair_rate_mbps
367,75,71,500000,79094514306,,slot=79;src=75;dst=71;rate_mbps=2.0;flow_size_byte=500000;packet_lambda_per_s=None;packet_size_byte=1500;lambda_mode=flow_per_pair_rate_mbps
368,72,68,500000,79217935978,,slot=79;src=72;dst=68;rate_mbps=2.0;flow_size_byte=500000;packet_lambda_per_s=None;packet_size_byte=1500;lambda_mode=flow_per_pair_rate_mbps
369,75,71,500000,79294514306,,slot=79;src=75;dst=71;rate_mbps=2.0;flow_size_byte=500000;packet_lambda_per_s=None;packet_size_byte=1500;lambda_mode=flow_per_pair_rate_mbps
370,70,67,500000,79473685173,,slot=79;src=70;dst=67;rate_mbps=2.0;flow_size_byte=500000;packet_lambda_per_s=None;packet_size_byte=1500;lambda_mode=flow_per_pair_rate_mbps
371,67,70,500000,79660793082,,slot=79;src=67;dst=70;rate_mbps=2.0;flow_size_byte=500000;packet_lambda_per_s=None;packet_size_byte=1500;lambda_mode=flow_per_pair_rate_mbps
372,70,67,500000,79673685173,,slot=79;src=70;dst=67;rate_mbps=2.0;flow_size_byte=500000;packet_lambda_per_s=None;packet_size_byte=1500;lambda_mode=flow_per_pair_rate_mbps
373,74,69,500000,79839126291,,slot=79;src=74;dst=69;rate_mbps=2.0;flow_size_byte=500000;packet_lambda_per_s=None;packet_size_byte=1500;lambda_mode=flow_per_pair_rate_mbps
374,66,73,500000,79860611103,,slot=79;src=66;dst=73;rate_mbps=2.0;flow_size_byte=500000;packet_lambda_per_s=None;packet_size_byte=1500;lambda_mode=flow_per_pair_rate_mbps
375,69,74,500000,80227619993,,slot=80;src=69;dst=74;rate_mbps=2.0;flow_size_byte=500000;packet_lambda_per_s=None;packet_size_byte=1500;lambda_mode=flow_per_pair_rate_mbps
376,68,72,500000,80330070588,,slot=80;src=68;dst=72;rate_mbps=2.0;flow_size_byte=500000;packet_lambda_per_s=None;packet_size_byte=1500;lambda_mode=flow_per_pair_rate_mbps
377,74,69,500000,80348247731,,slot=80;src=74;dst=69;rate_mbps=2.0;flow_size_byte=500000;packet_lambda_per_s=None;packet_size_byte=1500;lambda_mode=flow_per_pair_rate_mbps
378,75,71,500000,80453964445,,slot=80;src=75;dst=71;rate_mbps=2.0;flow_size_byte=500000;packet_lambda_per_s=None;packet_size_byte=1500;lambda_mode=flow_per_pair_rate_mbps
379,70,67,500000,80702810779,,slot=80;src=70;dst=67;rate_mbps=2.0;flow_size_byte=500000;packet_lambda_per_s=None;packet_size_byte=1500;lambda_mode=flow_per_pair_rate_mbps
380,74,69,500000,80890228778,,slot=80;src=74;dst=69;rate_mbps=2.0;flow_size_byte=500000;packet_lambda_per_s=None;packet_size_byte=1500;lambda_mode=flow_per_pair_rate_mbps
381,70,67,500000,80902810779,,slot=80;src=70;dst=67;rate_mbps=2.0;flow_size_byte=500000;packet_lambda_per_s=None;packet_size_byte=1500;lambda_mode=flow_per_pair_rate_mbps
382,72,68,500000,81276656289,,slot=81;src=72;dst=68;rate_mbps=2.0;flow_size_byte=500000;packet_lambda_per_s=None;packet_size_byte=1500;lambda_mode=flow_per_pair_rate_mbps
383,66,73,500000,81292034332,,slot=81;src=66;dst=73;rate_mbps=2.0;flow_size_byte=500000;packet_lambda_per_s=None;packet_size_byte=1500;lambda_mode=flow_per_pair_rate_mbps
384,73,66,500000,81374656731,,slot=81;src=73;dst=66;rate_mbps=2.0;flow_size_byte=500000;packet_lambda_per_s=None;packet_size_byte=1500;lambda_mode=flow_per_pair_rate_mbps
385,68,72,500000,81661589774,,slot=81;src=68;dst=72;rate_mbps=2.0;flow_size_byte=500000;packet_lambda_per_s=None;packet_size_byte=1500;lambda_mode=flow_per_pair_rate_mbps
386,75,71,500000,81780135701,,slot=81;src=75;dst=71;rate_mbps=2.0;flow_size_byte=500000;packet_lambda_per_s=None;packet_size_byte=1500;lambda_mode=flow_per_pair_rate_mbps
387,68,72,500000,81861589774,,slot=81;src=68;dst=72;rate_mbps=2.0;flow_size_byte=500000;packet_lambda_per_s=None;packet_size_byte=1500;lambda_mode=flow_per_pair_rate_mbps
388,68,72,500000,82061589774,,slot=81;src=68;dst=72;rate_mbps=2.0;flow_size_byte=500000;packet_lambda_per_s=None;packet_size_byte=1500;lambda_mode=flow_per_pair_rate_mbps
389,73,66,500000,82301256535,,slot=82;src=73;dst=66;rate_mbps=2.0;flow_size_byte=500000;packet_lambda_per_s=None;packet_size_byte=1500;lambda_mode=flow_per_pair_rate_mbps
390,68,72,500000,82353966794,,slot=82;src=68;dst=72;rate_mbps=2.0;flow_size_byte=500000;packet_lambda_per_s=None;packet_size_byte=1500;lambda_mode=flow_per_pair_rate_mbps
391,71,75,500000,82439884893,,slot=82;src=71;dst=75;rate_mbps=2.0;flow_size_byte=500000;packet_lambda_per_s=None;packet_size_byte=1500;lambda_mode=flow_per_pair_rate_mbps
392,68,72,500000,82553966794,,slot=82;src=68;dst=72;rate_mbps=2.0;flow_size_byte=500000;packet_lambda_per_s=None;packet_size_byte=1500;lambda_mode=flow_per_pair_rate_mbps
393,71,75,500000,82677219450,,slot=82;src=71;dst=75;rate_mbps=2.0;flow_size_byte=500000;packet_lambda_per_s=None;packet_size_byte=1500;lambda_mode=flow_per_pair_rate_mbps
394,75,71,500000,83008145071,,slot=83;src=75;dst=71;rate_mbps=2.0;flow_size_byte=500000;packet_lambda_per_s=None;packet_size_byte=1500;lambda_mode=flow_per_pair_rate_mbps
395,73,66,500000,83148465771,,slot=83;src=73;dst=66;rate_mbps=2.0;flow_size_byte=500000;packet_lambda_per_s=None;packet_size_byte=1500;lambda_mode=flow_per_pair_rate_mbps
396,70,67,500000,83332098208,,slot=83;src=70;dst=67;rate_mbps=2.0;flow_size_byte=500000;packet_lambda_per_s=None;packet_size_byte=1500;lambda_mode=flow_per_pair_rate_mbps
397,75,71,500000,83440232433,,slot=83;src=75;dst=71;rate_mbps=2.0;flow_size_byte=500000;packet_lambda_per_s=None;packet_size_byte=1500;lambda_mode=flow_per_pair_rate_mbps
398,68,72,500000,83506468215,,slot=83;src=68;dst=72;rate_mbps=2.0;flow_size_byte=500000;packet_lambda_per_s=None;packet_size_byte=1500;lambda_mode=flow_per_pair_rate_mbps
399,71,75,500000,83542154828,,slot=83;src=71;dst=75;rate_mbps=2.0;flow_size_byte=500000;packet_lambda_per_s=None;packet_size_byte=1500;lambda_mode=flow_per_pair_rate_mbps
400,67,70,500000,83862378058,,slot=83;src=67;dst=70;rate_mbps=2.0;flow_size_byte=500000;packet_lambda_per_s=None;packet_size_byte=1500;lambda_mode=flow_per_pair_rate_mbps
401,73,66,500000,83868295400,,slot=83;src=73;dst=66;rate_mbps=2.0;flow_size_byte=500000;packet_lambda_per_s=None;packet_size_byte=1500;lambda_mode=flow_per_pair_rate_mbps
402,71,75,500000,84079351800,,slot=84;src=71;dst=75;rate_mbps=2.0;flow_size_byte=500000;packet_lambda_per_s=None;packet_size_byte=1500;lambda_mode=flow_per_pair_rate_mbps
403,74,69,500000,84220505807,,slot=84;src=74;dst=69;rate_mbps=2.0;flow_size_byte=500000;packet_lambda_per_s=None;packet_size_byte=1500;lambda_mode=flow_per_pair_rate_mbps
404,71,75,500000,84279351800,,slot=84;src=71;dst=75;rate_mbps=2.0;flow_size_byte=500000;packet_lambda_per_s=None;packet_size_byte=1500;lambda_mode=flow_per_pair_rate_mbps
405,69,74,500000,84796759540,,slot=84;src=69;dst=74;rate_mbps=2.0;flow_size_byte=500000;packet_lambda_per_s=None;packet_size_byte=1500;lambda_mode=flow_per_pair_rate_mbps
406,71,75,500000,84846958217,,slot=84;src=71;dst=75;rate_mbps=2.0;flow_size_byte=500000;packet_lambda_per_s=None;packet_size_byte=1500;lambda_mode=flow_per_pair_rate_mbps
407,73,66,500000,84895019631,,slot=84;src=73;dst=66;rate_mbps=2.0;flow_size_byte=500000;packet_lambda_per_s=None;packet_size_byte=1500;lambda_mode=flow_per_pair_rate_mbps
408,74,69,500000,85023265414,,slot=85;src=74;dst=69;rate_mbps=2.0;flow_size_byte=500000;packet_lambda_per_s=None;packet_size_byte=1500;lambda_mode=flow_per_pair_rate_mbps
409,71,75,500000,85046958217,,slot=84;src=71;dst=75;rate_mbps=2.0;flow_size_byte=500000;packet_lambda_per_s=None;packet_size_byte=1500;lambda_mode=flow_per_pair_rate_mbps
410,66,73,500000,85391709997,,slot=85;src=66;dst=73;rate_mbps=2.0;flow_size_byte=500000;packet_lambda_per_s=None;packet_size_byte=1500;lambda_mode=flow_per_pair_rate_mbps
411,72,68,500000,85419920763,,slot=85;src=72;dst=68;rate_mbps=2.0;flow_size_byte=500000;packet_lambda_per_s=None;packet_size_byte=1500;lambda_mode=flow_per_pair_rate_mbps
412,69,74,500000,85556604725,,slot=85;src=69;dst=74;rate_mbps=2.0;flow_size_byte=500000;packet_lambda_per_s=None;packet_size_byte=1500;lambda_mode=flow_per_pair_rate_mbps
413,74,69,500000,85744749236,,slot=85;src=74;dst=69;rate_mbps=2.0;flow_size_byte=500000;packet_lambda_per_s=None;packet_size_byte=1500;lambda_mode=flow_per_pair_rate_mbps
414,75,71,500000,85822013998,,slot=85;src=75;dst=71;rate_mbps=2.0;flow_size_byte=500000;packet_lambda_per_s=None;packet_size_byte=1500;lambda_mode=flow_per_pair_rate_mbps
415,73,66,500000,85886596021,,slot=85;src=73;dst=66;rate_mbps=2.0;flow_size_byte=500000;packet_lambda_per_s=None;packet_size_byte=1500;lambda_mode=flow_per_pair_rate_mbps
416,75,71,500000,86088921111,,slot=86;src=75;dst=71;rate_mbps=2.0;flow_size_byte=500000;packet_lambda_per_s=None;packet_size_byte=1500;lambda_mode=flow_per_pair_rate_mbps
417,67,70,500000,86372204601,,slot=86;src=67;dst=70;rate_mbps=2.0;flow_size_byte=500000;packet_lambda_per_s=None;packet_size_byte=1500;lambda_mode=flow_per_pair_rate_mbps
418,73,66,500000,86652195524,,slot=86;src=73;dst=66;rate_mbps=2.0;flow_size_byte=500000;packet_lambda_per_s=None;packet_size_byte=1500;lambda_mode=flow_per_pair_rate_mbps
419,69,74,500000,86719813082,,slot=86;src=69;dst=74;rate_mbps=2.0;flow_size_byte=500000;packet_lambda_per_s=None;packet_size_byte=1500;lambda_mode=flow_per_pair_rate_mbps
420,68,72,500000,86817201595,,slot=86;src=68;dst=72;rate_mbps=2.0;flow_size_byte=500000;packet_lambda_per_s=None;packet_size_byte=1500;lambda_mode=flow_per_pair_rate_mbps
421,71,75,500000,86840664521,,slot=86;src=71;dst=75;rate_mbps=2.0;flow_size_byte=500000;packet_lambda_per_s=None;packet_size_byte=1500;lambda_mode=flow_per_pair_rate_mbps
422,68,72,500000,87292629299,,slot=87;src=68;dst=72;rate_mbps=2.0;flow_size_byte=500000;packet_lambda_per_s=None;packet_size_byte=1500;lambda_mode=flow_per_pair_rate_mbps
423,68,72,500000,87492629299,,slot=87;src=68;dst=72;rate_mbps=2.0;flow_size_byte=500000;packet_lambda_per_s=None;packet_size_byte=1500;lambda_mode=flow_per_pair_rate_mbps
424,69,74,500000,87699385373,,slot=87;src=69;dst=74;rate_mbps=2.0;flow_size_byte=500000;packet_lambda_per_s=None;packet_size_byte=1500;lambda_mode=flow_per_pair_rate_mbps
425,68,72,500000,87857530726,,slot=87;src=68;dst=72;rate_mbps=2.0;flow_size_byte=500000;packet_lambda_per_s=None;packet_size_byte=1500;lambda_mode=flow_per_pair_rate_mbps
426,71,75,500000,88134024680,,slot=88;src=71;dst=75;rate_mbps=2.0;flow_size_byte=500000;packet_lambda_per_s=None;packet_size_byte=1500;lambda_mode=flow_per_pair_rate_mbps
427,72,68,500000,88202348408,,slot=88;src=72;dst=68;rate_mbps=2.0;flow_size_byte=500000;packet_lambda_per_s=None;packet_size_byte=1500;lambda_mode=flow_per_pair_rate_mbps
428,67,70,500000,88435217234,,slot=88;src=67;dst=70;rate_mbps=2.0;flow_size_byte=500000;packet_lambda_per_s=None;packet_size_byte=1500;lambda_mode=flow_per_pair_rate_mbps
429,73,66,500000,88626688004,,slot=88;src=73;dst=66;rate_mbps=2.0;flow_size_byte=500000;packet_lambda_per_s=None;packet_size_byte=1500;lambda_mode=flow_per_pair_rate_mbps
430,74,69,500000,88643308433,,slot=88;src=74;dst=69;rate_mbps=2.0;flow_size_byte=500000;packet_lambda_per_s=None;packet_size_byte=1500;lambda_mode=flow_per_pair_rate_mbps
431,68,72,500000,88836648823,,slot=88;src=68;dst=72;rate_mbps=2.0;flow_size_byte=500000;packet_lambda_per_s=None;packet_size_byte=1500;lambda_mode=flow_per_pair_rate_mbps
432,67,70,500000,89080802794,,slot=89;src=67;dst=70;rate_mbps=2.0;flow_size_byte=500000;packet_lambda_per_s=None;packet_size_byte=1500;lambda_mode=flow_per_pair_rate_mbps
433,73,66,500000,89359469016,,slot=89;src=73;dst=66;rate_mbps=2.0;flow_size_byte=500000;packet_lambda_per_s=None;packet_size_byte=1500;lambda_mode=flow_per_pair_rate_mbps
434,75,71,500000,89362604027,,slot=89;src=75;dst=71;rate_mbps=2.0;flow_size_byte=500000;packet_lambda_per_s=None;packet_size_byte=1500;lambda_mode=flow_per_pair_rate_mbps
435,70,67,500000,89489102674,,slot=89;src=70;dst=67;rate_mbps=2.0;flow_size_byte=500000;packet_lambda_per_s=None;packet_size_byte=1500;lambda_mode=flow_per_pair_rate_mbps
436,68,72,500000,89645818510,,slot=89;src=68;dst=72;rate_mbps=2.0;flow_size_byte=500000;packet_lambda_per_s=None;packet_size_byte=1500;lambda_mode=flow_per_pair_rate_mbps
437,75,71,500000,89847863501,,slot=89;src=75;dst=71;rate_mbps=2.0;flow_size_byte=500000;packet_lambda_per_s=None;packet_size_byte=1500;lambda_mode=flow_per_pair_rate_mbps
438,70,67,500000,89855176708,,slot=89;src=70;dst=67;rate_mbps=2.0;flow_size_byte=500000;packet_lambda_per_s=None;packet_size_byte=1500;lambda_mode=flow_per_pair_rate_mbps
439,74,69,500000,90040038606,,slot=90;src=74;dst=69;rate_mbps=2.0;flow_size_byte=500000;packet_lambda_per_s=None;packet_size_byte=1500;lambda_mode=flow_per_pair_rate_mbps
440,68,72,500000,90125170976,,slot=90;src=68;dst=72;rate_mbps=2.0;flow_size_byte=500000;packet_lambda_per_s=None;packet_size_byte=1500;lambda_mode=flow_per_pair_rate_mbps
441,74,69,500000,90240038606,,slot=90;src=74;dst=69;rate_mbps=2.0;flow_size_byte=500000;packet_lambda_per_s=None;packet_size_byte=1500;lambda_mode=flow_per_pair_rate_mbps
442,70,67,500000,90716274443,,slot=90;src=70;dst=67;rate_mbps=2.0;flow_size_byte=500000;packet_lambda_per_s=None;packet_size_byte=1500;lambda_mode=flow_per_pair_rate_mbps
443,70,67,500000,90916274443,,slot=90;src=70;dst=67;rate_mbps=2.0;flow_size_byte=500000;packet_lambda_per_s=None;packet_size_byte=1500;lambda_mode=flow_per_pair_rate_mbps
444,71,75,500000,90921503518,,slot=90;src=71;dst=75;rate_mbps=2.0;flow_size_byte=500000;packet_lambda_per_s=None;packet_size_byte=1500;lambda_mode=flow_per_pair_rate_mbps
445,73,66,500000,91122461388,,slot=91;src=73;dst=66;rate_mbps=2.0;flow_size_byte=500000;packet_lambda_per_s=None;packet_size_byte=1500;lambda_mode=flow_per_pair_rate_mbps
446,73,66,500000,91350437052,,slot=91;src=73;dst=66;rate_mbps=2.0;flow_size_byte=500000;packet_lambda_per_s=None;packet_size_byte=1500;lambda_mode=flow_per_pair_rate_mbps
447,71,75,500000,91393344420,,slot=91;src=71;dst=75;rate_mbps=2.0;flow_size_byte=500000;packet_lambda_per_s=None;packet_size_byte=1500;lambda_mode=flow_per_pair_rate_mbps
448,69,74,500000,91615624736,,slot=91;src=69;dst=74;rate_mbps=2.0;flow_size_byte=500000;packet_lambda_per_s=None;packet_size_byte=1500;lambda_mode=flow_per_pair_rate_mbps
449,66,73,500000,91666499183,,slot=91;src=66;dst=73;rate_mbps=2.0;flow_size_byte=500000;packet_lambda_per_s=None;packet_size_byte=1500;lambda_mode=flow_per_pair_rate_mbps
450,74,69,500000,92622888630,,slot=92;src=74;dst=69;rate_mbps=2.0;flow_size_byte=500000;packet_lambda_per_s=None;packet_size_byte=1500;lambda_mode=flow_per_pair_rate_mbps
451,73,66,500000,92991149606,,slot=92;src=73;dst=66;rate_mbps=2.0;flow_size_byte=500000;packet_lambda_per_s=None;packet_size_byte=1500;lambda_mode=flow_per_pair_rate_mbps
452,75,71,500000,93008434833,,slot=93;src=75;dst=71;rate_mbps=2.0;flow_size_byte=500000;packet_lambda_per_s=None;packet_size_byte=1500;lambda_mode=flow_per_pair_rate_mbps
453,70,67,500000,93015978878,,slot=93;src=70;dst=67;rate_mbps=2.0;flow_size_byte=500000;packet_lambda_per_s=None;packet_size_byte=1500;lambda_mode=flow_per_pair_rate_mbps
454,67,70,500000,93160011938,,slot=93;src=67;dst=70;rate_mbps=2.0;flow_size_byte=500000;packet_lambda_per_s=None;packet_size_byte=1500;lambda_mode=flow_per_pair_rate_mbps
455,75,71,500000,93208434833,,slot=93;src=75;dst=71;rate_mbps=2.0;flow_size_byte=500000;packet_lambda_per_s=None;packet_size_byte=1500;lambda_mode=flow_per_pair_rate_mbps
456,67,70,500000,93533042164,,slot=93;src=67;dst=70;rate_mbps=2.0;flow_size_byte=500000;packet_lambda_per_s=None;packet_size_byte=1500;lambda_mode=flow_per_pair_rate_mbps
457,69,74,500000,93613252380,,slot=93;src=69;dst=74;rate_mbps=2.0;flow_size_byte=500000;packet_lambda_per_s=None;packet_size_byte=1500;lambda_mode=flow_per_pair_rate_mbps
458,68,72,500000,93773939940,,slot=93;src=68;dst=72;rate_mbps=2.0;flow_size_byte=500000;packet_lambda_per_s=None;packet_size_byte=1500;lambda_mode=flow_per_pair_rate_mbps
459,67,70,500000,93829644277,,slot=93;src=67;dst=70;rate_mbps=2.0;flow_size_byte=500000;packet_lambda_per_s=None;packet_size_byte=1500;lambda_mode=flow_per_pair_rate_mbps
460,70,67,500000,93924660652,,slot=93;src=70;dst=67;rate_mbps=2.0;flow_size_byte=500000;packet_lambda_per_s=None;packet_size_byte=1500;lambda_mode=flow_per_pair_rate_mbps
461,70,67,500000,94124660652,,slot=94;src=70;dst=67;rate_mbps=2.0;flow_size_byte=500000;packet_lambda_per_s=None;packet_size_byte=1500;lambda_mode=flow_per_pair_rate_mbps
462,69,74,500000,94213825073,,slot=94;src=69;dst=74;rate_mbps=2.0;flow_size_byte=500000;packet_lambda_per_s=None;packet_size_byte=1500;lambda_mode=flow_per_pair_rate_mbps
463,68,72,500000,94603058063,,slot=94;src=68;dst=72;rate_mbps=2.0;flow_size_byte=500000;packet_lambda_per_s=None;packet_size_byte=1500;lambda_mode=flow_per_pair_rate_mbps
464,70,67,500000,94714153261,,slot=94;src=70;dst=67;rate_mbps=2.0;flow_size_byte=500000;packet_lambda_per_s=None;packet_size_byte=1500;lambda_mode=flow_per_pair_rate_mbps
465,68,72,500000,95167792597,,slot=95;src=68;dst=72;rate_mbps=2.0;flow_size_byte=500000;packet_lambda_per_s=None;packet_size_byte=1500;lambda_mode=flow_per_pair_rate_mbps
466,68,72,500000,95367792597,,slot=95;src=68;dst=72;rate_mbps=2.0;flow_size_byte=500000;packet_lambda_per_s=None;packet_size_byte=1500;lambda_mode=flow_per_pair_rate_mbps
467,75,71,500000,95831640222,,slot=95;src=75;dst=71;rate_mbps=2.0;flow_size_byte=500000;packet_lambda_per_s=None;packet_size_byte=1500;lambda_mode=flow_per_pair_rate_mbps
468,74,69,500000,95855759477,,slot=95;src=74;dst=69;rate_mbps=2.0;flow_size_byte=500000;packet_lambda_per_s=None;packet_size_byte=1500;lambda_mode=flow_per_pair_rate_mbps
469,71,75,500000,96034597306,,slot=96;src=71;dst=75;rate_mbps=2.0;flow_size_byte=500000;packet_lambda_per_s=None;packet_size_byte=1500;lambda_mode=flow_per_pair_rate_mbps
470,70,67,500000,96247730407,,slot=96;src=70;dst=67;rate_mbps=2.0;flow_size_byte=500000;packet_lambda_per_s=None;packet_size_byte=1500;lambda_mode=flow_per_pair_rate_mbps
471,68,72,500000,96464593314,,slot=96;src=68;dst=72;rate_mbps=2.0;flow_size_byte=500000;packet_lambda_per_s=None;packet_size_byte=1500;lambda_mode=flow_per_pair_rate_mbps
472,67,70,500000,96585720434,,slot=96;src=67;dst=70;rate_mbps=2.0;flow_size_byte=500000;packet_lambda_per_s=None;packet_size_byte=1500;lambda_mode=flow_per_pair_rate_mbps
473,68,72,500000,96673357778,,slot=96;src=68;dst=72;rate_mbps=2.0;flow_size_byte=500000;packet_lambda_per_s=None;packet_size_byte=1500;lambda_mode=flow_per_pair_rate_mbps
474,66,73,500000,96781204325,,slot=96;src=66;dst=73;rate_mbps=2.0;flow_size_byte=500000;packet_lambda_per_s=None;packet_size_byte=1500;lambda_mode=flow_per_pair_rate_mbps
475,68,72,500000,96986865379,,slot=96;src=68;dst=72;rate_mbps=2.0;flow_size_byte=500000;packet_lambda_per_s=None;packet_size_byte=1500;lambda_mode=flow_per_pair_rate_mbps
476,74,69,500000,97171163495,,slot=97;src=74;dst=69;rate_mbps=2.0;flow_size_byte=500000;packet_lambda_per_s=None;packet_size_byte=1500;lambda_mode=flow_per_pair_rate_mbps
477,73,66,500000,97338629265,,slot=97;src=73;dst=66;rate_mbps=2.0;flow_size_byte=500000;packet_lambda_per_s=None;packet_size_byte=1500;lambda_mode=flow_per_pair_rate_mbps
478,74,69,500000,97371163495,,slot=97;src=74;dst=69;rate_mbps=2.0;flow_size_byte=500000;packet_lambda_per_s=None;packet_size_byte=1500;lambda_mode=flow_per_pair_rate_mbps
479,66,73,500000,97834604833,,slot=97;src=66;dst=73;rate_mbps=2.0;flow_size_byte=500000;packet_lambda_per_s=None;packet_size_byte=1500;lambda_mode=flow_per_pair_rate_mbps
480,66,73,500000,98034604833,,slot=97;src=66;dst=73;rate_mbps=2.0;flow_size_byte=500000;packet_lambda_per_s=None;packet_size_byte=1500;lambda_mode=flow_per_pair_rate_mbps
481,68,72,500000,98345419152,,slot=98;src=68;dst=72;rate_mbps=2.0;flow_size_byte=500000;packet_lambda_per_s=None;packet_size_byte=1500;lambda_mode=flow_per_pair_rate_mbps
482,75,71,500000,98613259382,,slot=98;src=75;dst=71;rate_mbps=2.0;flow_size_byte=500000;packet_lambda_per_s=None;packet_size_byte=1500;lambda_mode=flow_per_pair_rate_mbps
483,74,69,500000,98965031089,,slot=98;src=74;dst=69;rate_mbps=2.0;flow_size_byte=500000;packet_lambda_per_s=None;packet_size_byte=1500;lambda_mode=flow_per_pair_rate_mbps
484,69,74,500000,99092331108,,slot=99;src=69;dst=74;rate_mbps=2.0;flow_size_byte=500000;packet_lambda_per_s=None;packet_size_byte=1500;lambda_mode=flow_per_pair_rate_mbps
485,75,71,500000,99203347418,,slot=99;src=75;dst=71;rate_mbps=2.0;flow_size_byte=500000;packet_lambda_per_s=None;packet_size_byte=1500;lambda_mode=flow_per_pair_rate_mbps
486,70,67,500000,99666715454,,slot=99;src=70;dst=67;rate_mbps=2.0;flow_size_byte=500000;packet_lambda_per_s=None;packet_size_byte=1500;lambda_mode=flow_per_pair_rate_mbps
487,69,74,500000,99897460609,,slot=99;src=69;dst=74;rate_mbps=2.0;flow_size_byte=500000;packet_lambda_per_s=None;packet_size_byte=1500;lambda_mode=flow_per_pair_rate_mbps
488,72,68,500000,100116906394,,slot=100;src=72;dst=68;rate_mbps=2.0;flow_size_byte=500000;packet_lambda_per_s=None;packet_size_byte=1500;lambda_mode=flow_per_pair_rate_mbps
489,69,74,500000,100151307781,,slot=100;src=69;dst=74;rate_mbps=2.0;flow_size_byte=500000;packet_lambda_per_s=None;packet_size_byte=1500;lambda_mode=flow_per_pair_rate_mbps
490,67,70,500000,101107688245,,slot=101;src=67;dst=70;rate_mbps=2.0;flow_size_byte=500000;packet_lambda_per_s=None;packet_size_byte=1500;lambda_mode=flow_per_pair_rate_mbps
491,73,66,500000,101197377071,,slot=101;src=73;dst=66;rate_mbps=2.0;flow_size_byte=500000;packet_lambda_per_s=None;packet_size_byte=1500;lambda_mode=flow_per_pair_rate_mbps
492,71,75,500000,101528217611,,slot=101;src=71;dst=75;rate_mbps=2.0;flow_size_byte=500000;packet_lambda_per_s=None;packet_size_byte=1500;lambda_mode=flow_per_pair_rate_mbps
493,68,72,500000,101603045415,,slot=101;src=68;dst=72;rate_mbps=2.0;flow_size_byte=500000;packet_lambda_per_s=None;packet_size_byte=1500;lambda_mode=flow_per_pair_rate_mbps
494,74,69,500000,102158150567,,slot=102;src=74;dst=69;rate_mbps=2.0;flow_size_byte=500000;packet_lambda_per_s=None;packet_size_byte=1500;lambda_mode=flow_per_pair_rate_mbps
495,73,66,500000,102817392292,,slot=102;src=73;dst=66;rate_mbps=2.0;flow_size_byte=500000;packet_lambda_per_s=None;packet_size_byte=1500;lambda_mode=flow_per_pair_rate_mbps
496,71,75,500000,103031007915,,slot=103;src=71;dst=75;rate_mbps=2.0;flow_size_byte=500000;packet_lambda_per_s=None;packet_size_byte=1500;lambda_mode=flow_per_pair_rate_mbps
497,74,69,500000,103781957862,,slot=103;src=74;dst=69;rate_mbps=2.0;flow_size_byte=500000;packet_lambda_per_s=None;packet_size_byte=1500;lambda_mode=flow_per_pair_rate_mbps
498,74,69,500000,103981957862,,slot=103;src=74;dst=69;rate_mbps=2.0;flow_size_byte=500000;packet_lambda_per_s=None;packet_size_byte=1500;lambda_mode=flow_per_pair_rate_mbps
499,75,71,500000,104084171537,,slot=104;src=75;dst=71;rate_mbps=2.0;flow_size_byte=500000;packet_lambda_per_s=None;packet_size_byte=1500;lambda_mode=flow_per_pair_rate_mbps
500,69,74,500000,104633453874,,slot=104;src=69;dst=74;rate_mbps=2.0;flow_size_byte=500000;packet_lambda_per_s=None;packet_size_byte=1500;lambda_mode=flow_per_pair_rate_mbps
501,75,71,500000,105513297455,,slot=105;src=75;dst=71;rate_mbps=2.0;flow_size_byte=500000;packet_lambda_per_s=None;packet_size_byte=1500;lambda_mode=flow_per_pair_rate_mbps
502,71,75,500000,106218013457,,slot=106;src=71;dst=75;rate_mbps=2.0;flow_size_byte=500000;packet_lambda_per_s=None;packet_size_byte=1500;lambda_mode=flow_per_pair_rate_mbps
503,69,74,500000,106550443134,,slot=106;src=69;dst=74;rate_mbps=2.0;flow_size_byte=500000;packet_lambda_per_s=None;packet_size_byte=1500;lambda_mode=flow_per_pair_rate_mbps
504,73,66,500000,106564484408,,slot=106;src=73;dst=66;rate_mbps=2.0;flow_size_byte=500000;packet_lambda_per_s=None;packet_size_byte=1500;lambda_mode=flow_per_pair_rate_mbps
505,72,68,500000,106792193943,,slot=106;src=72;dst=68;rate_mbps=2.0;flow_size_byte=500000;packet_lambda_per_s=None;packet_size_byte=1500;lambda_mode=flow_per_pair_rate_mbps
506,66,73,500000,106807299461,,slot=106;src=66;dst=73;rate_mbps=2.0;flow_size_byte=500000;packet_lambda_per_s=None;packet_size_byte=1500;lambda_mode=flow_per_pair_rate_mbps
507,74,69,500000,107072114454,,slot=107;src=74;dst=69;rate_mbps=2.0;flow_size_byte=500000;packet_lambda_per_s=None;packet_size_byte=1500;lambda_mode=flow_per_pair_rate_mbps
508,70,67,500000,107083174751,,slot=107;src=70;dst=67;rate_mbps=2.0;flow_size_byte=500000;packet_lambda_per_s=None;packet_size_byte=1500;lambda_mode=flow_per_pair_rate_mbps
509,72,68,500000,107215505390,,slot=107;src=72;dst=68;rate_mbps=2.0;flow_size_byte=500000;packet_lambda_per_s=None;packet_size_byte=1500;lambda_mode=flow_per_pair_rate_mbps
510,74,69,500000,107530109789,,slot=107;src=74;dst=69;rate_mbps=2.0;flow_size_byte=500000;packet_lambda_per_s=None;packet_size_byte=1500;lambda_mode=flow_per_pair_rate_mbps
511,69,74,500000,107618299211,,slot=107;src=69;dst=74;rate_mbps=2.0;flow_size_byte=500000;packet_lambda_per_s=None;packet_size_byte=1500;lambda_mode=flow_per_pair_rate_mbps
512,66,73,500000,107800612422,,slot=107;src=66;dst=73;rate_mbps=2.0;flow_size_byte=500000;packet_lambda_per_s=None;packet_size_byte=1500;lambda_mode=flow_per_pair_rate_mbps
513,70,67,500000,107965567708,,slot=107;src=70;dst=67;rate_mbps=2.0;flow_size_byte=500000;packet_lambda_per_s=None;packet_size_byte=1500;lambda_mode=flow_per_pair_rate_mbps
514,68,72,500000,108024841099,,slot=108;src=68;dst=72;rate_mbps=2.0;flow_size_byte=500000;packet_lambda_per_s=None;packet_size_byte=1500;lambda_mode=flow_per_pair_rate_mbps
515,70,67,500000,108248719999,,slot=108;src=70;dst=67;rate_mbps=2.0;flow_size_byte=500000;packet_lambda_per_s=None;packet_size_byte=1500;lambda_mode=flow_per_pair_rate_mbps
516,68,72,500000,108501548281,,slot=108;src=68;dst=72;rate_mbps=2.0;flow_size_byte=500000;packet_lambda_per_s=None;packet_size_byte=1500;lambda_mode=flow_per_pair_rate_mbps
517,69,74,500000,108717177998,,slot=108;src=69;dst=74;rate_mbps=2.0;flow_size_byte=500000;packet_lambda_per_s=None;packet_size_byte=1500;lambda_mode=flow_per_pair_rate_mbps
518,67,70,500000,108753440230,,slot=108;src=67;dst=70;rate_mbps=2.0;flow_size_byte=500000;packet_lambda_per_s=None;packet_size_byte=1500;lambda_mode=flow_per_pair_rate_mbps
519,74,69,500000,108940671335,,slot=108;src=74;dst=69;rate_mbps=2.0;flow_size_byte=500000;packet_lambda_per_s=None;packet_size_byte=1500;lambda_mode=flow_per_pair_rate_mbps
520,75,71,500000,108997902844,,slot=108;src=75;dst=71;rate_mbps=2.0;flow_size_byte=500000;packet_lambda_per_s=None;packet_size_byte=1500;lambda_mode=flow_per_pair_rate_mbps
521,69,74,500000,109101624126,,slot=109;src=69;dst=74;rate_mbps=2.0;flow_size_byte=500000;packet_lambda_per_s=None;packet_size_byte=1500;lambda_mode=flow_per_pair_rate_mbps
522,70,67,500000,109107389263,,slot=109;src=70;dst=67;rate_mbps=2.0;flow_size_byte=500000;packet_lambda_per_s=None;packet_size_byte=1500;lambda_mode=flow_per_pair_rate_mbps
523,75,71,500000,109808158859,,slot=109;src=75;dst=71;rate_mbps=2.0;flow_size_byte=500000;packet_lambda_per_s=None;packet_size_byte=1500;lambda_mode=flow_per_pair_rate_mbps
524,73,66,500000,109837600334,,slot=109;src=73;dst=66;rate_mbps=2.0;flow_size_byte=500000;packet_lambda_per_s=None;packet_size_byte=1500;lambda_mode=flow_per_pair_rate_mbps
525,75,71,500000,110008158859,,slot=109;src=75;dst=71;rate_mbps=2.0;flow_size_byte=500000;packet_lambda_per_s=None;packet_size_byte=1500;lambda_mode=flow_per_pair_rate_mbps
526,69,74,500000,110101532965,,slot=110;src=69;dst=74;rate_mbps=2.0;flow_size_byte=500000;packet_lambda_per_s=None;packet_size_byte=1500;lambda_mode=flow_per_pair_rate_mbps
527,68,72,500000,110196604259,,slot=110;src=68;dst=72;rate_mbps=2.0;flow_size_byte=500000;packet_lambda_per_s=None;packet_size_byte=1500;lambda_mode=flow_per_pair_rate_mbps
528,74,69,500000,110645085844,,slot=110;src=74;dst=69;rate_mbps=2.0;flow_size_byte=500000;packet_lambda_per_s=None;packet_size_byte=1500;lambda_mode=flow_per_pair_rate_mbps
529,72,68,500000,110904530579,,slot=110;src=72;dst=68;rate_mbps=2.0;flow_size_byte=500000;packet_lambda_per_s=None;packet_size_byte=1500;lambda_mode=flow_per_pair_rate_mbps
530,66,73,500000,111306834833,,slot=111;src=66;dst=73;rate_mbps=2.0;flow_size_byte=500000;packet_lambda_per_s=None;packet_size_byte=1500;lambda_mode=flow_per_pair_rate_mbps
531,66,73,500000,111580109892,,slot=111;src=66;dst=73;rate_mbps=2.0;flow_size_byte=500000;packet_lambda_per_s=None;packet_size_byte=1500;lambda_mode=flow_per_pair_rate_mbps
532,72,68,500000,111763182078,,slot=111;src=72;dst=68;rate_mbps=2.0;flow_size_byte=500000;packet_lambda_per_s=None;packet_size_byte=1500;lambda_mode=flow_per_pair_rate_mbps
533,66,73,500000,111780109892,,slot=111;src=66;dst=73;rate_mbps=2.0;flow_size_byte=500000;packet_lambda_per_s=None;packet_size_byte=1500;lambda_mode=flow_per_pair_rate_mbps
534,72,68,500000,111963182078,,slot=111;src=72;dst=68;rate_mbps=2.0;flow_size_byte=500000;packet_lambda_per_s=None;packet_size_byte=1500;lambda_mode=flow_per_pair_rate_mbps
535,66,73,500000,111980109892,,slot=111;src=66;dst=73;rate_mbps=2.0;flow_size_byte=500000;packet_lambda_per_s=None;packet_size_byte=1500;lambda_mode=flow_per_pair_rate_mbps
536,70,67,500000,112300938373,,slot=112;src=70;dst=67;rate_mbps=2.0;flow_size_byte=500000;packet_lambda_per_s=None;packet_size_byte=1500;lambda_mode=flow_per_pair_rate_mbps
537,72,68,500000,112386879745,,slot=112;src=72;dst=68;rate_mbps=2.0;flow_size_byte=500000;packet_lambda_per_s=None;packet_size_byte=1500;lambda_mode=flow_per_pair_rate_mbps
538,74,69,500000,112446107907,,slot=112;src=74;dst=69;rate_mbps=2.0;flow_size_byte=500000;packet_lambda_per_s=None;packet_size_byte=1500;lambda_mode=flow_per_pair_rate_mbps
539,74,69,500000,112690036791,,slot=112;src=74;dst=69;rate_mbps=2.0;flow_size_byte=500000;packet_lambda_per_s=None;packet_size_byte=1500;lambda_mode=flow_per_pair_rate_mbps
540,69,74,500000,112691330180,,slot=112;src=69;dst=74;rate_mbps=2.0;flow_size_byte=500000;packet_lambda_per_s=None;packet_size_byte=1500;lambda_mode=flow_per_pair_rate_mbps
541,75,71,500000,112710230525,,slot=112;src=75;dst=71;rate_mbps=2.0;flow_size_byte=500000;packet_lambda_per_s=None;packet_size_byte=1500;lambda_mode=flow_per_pair_rate_mbps
542,68,72,500000,112902396249,,slot=112;src=68;dst=72;rate_mbps=2.0;flow_size_byte=500000;packet_lambda_per_s=None;packet_size_byte=1500;lambda_mode=flow_per_pair_rate_mbps
543,74,69,500000,112947376452,,slot=112;src=74;dst=69;rate_mbps=2.0;flow_size_byte=500000;packet_lambda_per_s=None;packet_size_byte=1500;lambda_mode=flow_per_pair_rate_mbps
544,72,68,500000,113029797612,,slot=113;src=72;dst=68;rate_mbps=2.0;flow_size_byte=500000;packet_lambda_per_s=None;packet_size_byte=1500;lambda_mode=flow_per_pair_rate_mbps
545,69,74,500000,114770539620,,slot=114;src=69;dst=74;rate_mbps=2.0;flow_size_byte=500000;packet_lambda_per_s=None;packet_size_byte=1500;lambda_mode=flow_per_pair_rate_mbps
546,67,70,500000,115034002236,,slot=115;src=67;dst=70;rate_mbps=2.0;flow_size_byte=500000;packet_lambda_per_s=None;packet_size_byte=1500;lambda_mode=flow_per_pair_rate_mbps
547,70,67,500000,115080299573,,slot=115;src=70;dst=67;rate_mbps=2.0;flow_size_byte=500000;packet_lambda_per_s=None;packet_size_byte=1500;lambda_mode=flow_per_pair_rate_mbps
548,69,74,500000,115143549412,,slot=115;src=69;dst=74;rate_mbps=2.0;flow_size_byte=500000;packet_lambda_per_s=None;packet_size_byte=1500;lambda_mode=flow_per_pair_rate_mbps
549,67,70,500000,115241653891,,slot=115;src=67;dst=70;rate_mbps=2.0;flow_size_byte=500000;packet_lambda_per_s=None;packet_size_byte=1500;lambda_mode=flow_per_pair_rate_mbps
550,70,67,500000,115526292310,,slot=115;src=70;dst=67;rate_mbps=2.0;flow_size_byte=500000;packet_lambda_per_s=None;packet_size_byte=1500;lambda_mode=flow_per_pair_rate_mbps
551,75,71,500000,115611715505,,slot=115;src=75;dst=71;rate_mbps=2.0;flow_size_byte=500000;packet_lambda_per_s=None;packet_size_byte=1500;lambda_mode=flow_per_pair_rate_mbps
552,66,73,500000,115641940226,,slot=115;src=66;dst=73;rate_mbps=2.0;flow_size_byte=500000;packet_lambda_per_s=None;packet_size_byte=1500;lambda_mode=flow_per_pair_rate_mbps
553,74,69,500000,116040169403,,slot=116;src=74;dst=69;rate_mbps=2.0;flow_size_byte=500000;packet_lambda_per_s=None;packet_size_byte=1500;lambda_mode=flow_per_pair_rate_mbps
554,69,74,500000,116069060360,,slot=116;src=69;dst=74;rate_mbps=2.0;flow_size_byte=500000;packet_lambda_per_s=None;packet_size_byte=1500;lambda_mode=flow_per_pair_rate_mbps
555,70,67,500000,116269974619,,slot=116;src=70;dst=67;rate_mbps=2.0;flow_size_byte=500000;packet_lambda_per_s=None;packet_size_byte=1500;lambda_mode=flow_per_pair_rate_mbps
556,70,67,500000,117072219317,,slot=117;src=70;dst=67;rate_mbps=2.0;flow_size_byte=500000;packet_lambda_per_s=None;packet_size_byte=1500;lambda_mode=flow_per_pair_rate_mbps
557,71,75,500000,117296153227,,slot=117;src=71;dst=75;rate_mbps=2.0;flow_size_byte=500000;packet_lambda_per_s=None;packet_size_byte=1500;lambda_mode=flow_per_pair_rate_mbps
558,74,69,500000,117435800043,,slot=117;src=74;dst=69;rate_mbps=2.0;flow_size_byte=500000;packet_lambda_per_s=None;packet_size_byte=1500;lambda_mode=flow_per_pair_rate_mbps
559,68,72,500000,118416614435,,slot=118;src=68;dst=72;rate_mbps=2.0;flow_size_byte=500000;packet_lambda_per_s=None;packet_size_byte=1500;lambda_mode=flow_per_pair_rate_mbps
560,74,69,500000,118633161298,,slot=118;src=74;dst=69;rate_mbps=2.0;flow_size_byte=500000;packet_lambda_per_s=None;packet_size_byte=1500;lambda_mode=flow_per_pair_rate_mbps
561,70,67,500000,118850696253,,slot=118;src=70;dst=67;rate_mbps=2.0;flow_size_byte=500000;packet_lambda_per_s=None;packet_size_byte=1500;lambda_mode=flow_per_pair_rate_mbps
562,71,75,500000,119037495597,,slot=119;src=71;dst=75;rate_mbps=2.0;flow_size_byte=500000;packet_lambda_per_s=None;packet_size_byte=1500;lambda_mode=flow_per_pair_rate_mbps
563,75,71,500000,119218350466,,slot=119;src=75;dst=71;rate_mbps=2.0;flow_size_byte=500000;packet_lambda_per_s=None;packet_size_byte=1500;lambda_mode=flow_per_pair_rate_mbps
564,73,66,500000,119265683010,,slot=119;src=73;dst=66;rate_mbps=2.0;flow_size_byte=500000;packet_lambda_per_s=None;packet_size_byte=1500;lambda_mode=flow_per_pair_rate_mbps
565,75,71,500000,119418350466,,slot=119;src=75;dst=71;rate_mbps=2.0;flow_size_byte=500000;packet_lambda_per_s=None;packet_size_byte=1500;lambda_mode=flow_per_pair_rate_mbps
566,73,66,500000,119465683010,,slot=119;src=73;dst=66;rate_mbps=2.0;flow_size_byte=500000;packet_lambda_per_s=None;packet_size_byte=1500;lambda_mode=flow_per_pair_rate_mbps
567,68,72,500000,119839220046,,slot=119;src=68;dst=72;rate_mbps=2.0;flow_size_byte=500000;packet_lambda_per_s=None;packet_size_byte=1500;lambda_mode=flow_per_pair_rate_mbps
568,73,66,500000,120070253054,,slot=120;src=73;dst=66;rate_mbps=2.0;flow_size_byte=500000;packet_lambda_per_s=None;packet_size_byte=1500;lambda_mode=flow_per_pair_rate_mbps
569,69,74,500000,120283662606,,slot=120;src=69;dst=74;rate_mbps=2.0;flow_size_byte=500000;packet_lambda_per_s=None;packet_size_byte=1500;lambda_mode=flow_per_pair_rate_mbps
570,73,66,500000,120304708656,,slot=120;src=73;dst=66;rate_mbps=2.0;flow_size_byte=500000;packet_lambda_per_s=None;packet_size_byte=1500;lambda_mode=flow_per_pair_rate_mbps
571,70,67,500000,120349898345,,slot=120;src=70;dst=67;rate_mbps=2.0;flow_size_byte=500000;packet_lambda_per_s=None;packet_size_byte=1500;lambda_mode=flow_per_pair_rate_mbps
572,73,66,500000,120504708656,,slot=120;src=73;dst=66;rate_mbps=2.0;flow_size_byte=500000;packet_lambda_per_s=None;packet_size_byte=1500;lambda_mode=flow_per_pair_rate_mbps
573,71,75,500000,120783069868,,slot=120;src=71;dst=75;rate_mbps=2.0;flow_size_byte=500000;packet_lambda_per_s=None;packet_size_byte=1500;lambda_mode=flow_per_pair_rate_mbps
574,68,72,500000,121866880167,,slot=121;src=68;dst=72;rate_mbps=2.0;flow_size_byte=500000;packet_lambda_per_s=None;packet_size_byte=1500;lambda_mode=flow_per_pair_rate_mbps
575,69,74,500000,122089918346,,slot=122;src=69;dst=74;rate_mbps=2.0;flow_size_byte=500000;packet_lambda_per_s=None;packet_size_byte=1500;lambda_mode=flow_per_pair_rate_mbps
576,70,67,500000,122098919022,,slot=122;src=70;dst=67;rate_mbps=2.0;flow_size_byte=500000;packet_lambda_per_s=None;packet_size_byte=1500;lambda_mode=flow_per_pair_rate_mbps
577,68,72,500000,122140140825,,slot=122;src=68;dst=72;rate_mbps=2.0;flow_size_byte=500000;packet_lambda_per_s=None;packet_size_byte=1500;lambda_mode=flow_per_pair_rate_mbps
578,67,70,500000,122367922917,,slot=122;src=67;dst=70;rate_mbps=2.0;flow_size_byte=500000;packet_lambda_per_s=None;packet_size_byte=1500;lambda_mode=flow_per_pair_rate_mbps
579,74,69,500000,122418058943,,slot=122;src=74;dst=69;rate_mbps=2.0;flow_size_byte=500000;packet_lambda_per_s=None;packet_size_byte=1500;lambda_mode=flow_per_pair_rate_mbps
580,69,74,500000,122595135932,,slot=122;src=69;dst=74;rate_mbps=2.0;flow_size_byte=500000;packet_lambda_per_s=None;packet_size_byte=1500;lambda_mode=flow_per_pair_rate_mbps
581,68,72,500000,122713221316,,slot=122;src=68;dst=72;rate_mbps=2.0;flow_size_byte=500000;packet_lambda_per_s=None;packet_size_byte=1500;lambda_mode=flow_per_pair_rate_mbps
582,72,68,500000,123010057869,,slot=123;src=72;dst=68;rate_mbps=2.0;flow_size_byte=500000;packet_lambda_per_s=None;packet_size_byte=1500;lambda_mode=flow_per_pair_rate_mbps
583,66,73,500000,123353692148,,slot=123;src=66;dst=73;rate_mbps=2.0;flow_size_byte=500000;packet_lambda_per_s=None;packet_size_byte=1500;lambda_mode=flow_per_pair_rate_mbps
584,72,68,500000,123807750934,,slot=123;src=72;dst=68;rate_mbps=2.0;flow_size_byte=500000;packet_lambda_per_s=None;packet_size_byte=1500;lambda_mode=flow_per_pair_rate_mbps
585,75,71,500000,124026447614,,slot=124;src=75;dst=71;rate_mbps=2.0;flow_size_byte=500000;packet_lambda_per_s=None;packet_size_byte=1500;lambda_mode=flow_per_pair_rate_mbps
586,66,73,500000,124293454581,,slot=124;src=66;dst=73;rate_mbps=2.0;flow_size_byte=500000;packet_lambda_per_s=None;packet_size_byte=1500;lambda_mode=flow_per_pair_rate_mbps
587,66,73,500000,124689372752,,slot=124;src=66;dst=73;rate_mbps=2.0;flow_size_byte=500000;packet_lambda_per_s=None;packet_size_byte=1500;lambda_mode=flow_per_pair_rate_mbps
588,71,75,500000,124820253753,,slot=124;src=71;dst=75;rate_mbps=2.0;flow_size_byte=500000;packet_lambda_per_s=None;packet_size_byte=1500;lambda_mode=flow_per_pair_rate_mbps
589,74,69,500000,124821826240,,slot=124;src=74;dst=69;rate_mbps=2.0;flow_size_byte=500000;packet_lambda_per_s=None;packet_size_byte=1500;lambda_mode=flow_per_pair_rate_mbps
590,68,72,500000,125266806087,,slot=125;src=68;dst=72;rate_mbps=2.0;flow_size_byte=500000;packet_lambda_per_s=None;packet_size_byte=1500;lambda_mode=flow_per_pair_rate_mbps
591,68,72,500000,125644798299,,slot=125;src=68;dst=72;rate_mbps=2.0;flow_size_byte=500000;packet_lambda_per_s=None;packet_size_byte=1500;lambda_mode=flow_per_pair_rate_mbps
592,74,69,500000,125799744625,,slot=125;src=74;dst=69;rate_mbps=2.0;flow_size_byte=500000;packet_lambda_per_s=None;packet_size_byte=1500;lambda_mode=flow_per_pair_rate_mbps
593,68,72,500000,125844798299,,slot=125;src=68;dst=72;rate_mbps=2.0;flow_size_byte=500000;packet_lambda_per_s=None;packet_size_byte=1500;lambda_mode=flow_per_pair_rate_mbps
594,71,75,500000,126134572017,,slot=126;src=71;dst=75;rate_mbps=2.0;flow_size_byte=500000;packet_lambda_per_s=None;packet_size_byte=1500;lambda_mode=flow_per_pair_rate_mbps
595,71,75,500000,126464613131,,slot=126;src=71;dst=75;rate_mbps=2.0;flow_size_byte=500000;packet_lambda_per_s=None;packet_size_byte=1500;lambda_mode=flow_per_pair_rate_mbps
596,70,67,500000,126478492103,,slot=126;src=70;dst=67;rate_mbps=2.0;flow_size_byte=500000;packet_lambda_per_s=None;packet_size_byte=1500;lambda_mode=flow_per_pair_rate_mbps
597,66,73,500000,126575484880,,slot=126;src=66;dst=73;rate_mbps=2.0;flow_size_byte=500000;packet_lambda_per_s=None;packet_size_byte=1500;lambda_mode=flow_per_pair_rate_mbps
598,69,74,500000,126700156137,,slot=126;src=69;dst=74;rate_mbps=2.0;flow_size_byte=500000;packet_lambda_per_s=None;packet_size_byte=1500;lambda_mode=flow_per_pair_rate_mbps
599,67,70,500000,126928985190,,slot=126;src=67;dst=70;rate_mbps=2.0;flow_size_byte=500000;packet_lambda_per_s=None;packet_size_byte=1500;lambda_mode=flow_per_pair_rate_mbps
600,75,71,500000,126987238000,,slot=126;src=75;dst=71;rate_mbps=2.0;flow_size_byte=500000;packet_lambda_per_s=None;packet_size_byte=1500;lambda_mode=flow_per_pair_rate_mbps
601,74,69,500000,127116562096,,slot=127;src=74;dst=69;rate_mbps=2.0;flow_size_byte=500000;packet_lambda_per_s=None;packet_size_byte=1500;lambda_mode=flow_per_pair_rate_mbps
602,75,71,500000,127187238000,,slot=127;src=75;dst=71;rate_mbps=2.0;flow_size_byte=500000;packet_lambda_per_s=None;packet_size_byte=1500;lambda_mode=flow_per_pair_rate_mbps
603,74,69,500000,127530280645,,slot=127;src=74;dst=69;rate_mbps=2.0;flow_size_byte=500000;packet_lambda_per_s=None;packet_size_byte=1500;lambda_mode=flow_per_pair_rate_mbps
604,71,75,500000,127534628324,,slot=127;src=71;dst=75;rate_mbps=2.0;flow_size_byte=500000;packet_lambda_per_s=None;packet_size_byte=1500;lambda_mode=flow_per_pair_rate_mbps
605,74,69,500000,127730280645,,slot=127;src=74;dst=69;rate_mbps=2.0;flow_size_byte=500000;packet_lambda_per_s=None;packet_size_byte=1500;lambda_mode=flow_per_pair_rate_mbps
606,70,67,500000,127741854627,,slot=127;src=70;dst=67;rate_mbps=2.0;flow_size_byte=500000;packet_lambda_per_s=None;packet_size_byte=1500;lambda_mode=flow_per_pair_rate_mbps
607,69,74,500000,127743084442,,slot=127;src=69;dst=74;rate_mbps=2.0;flow_size_byte=500000;packet_lambda_per_s=None;packet_size_byte=1500;lambda_mode=flow_per_pair_rate_mbps
608,75,71,500000,128033193927,,slot=128;src=75;dst=71;rate_mbps=2.0;flow_size_byte=500000;packet_lambda_per_s=None;packet_size_byte=1500;lambda_mode=flow_per_pair_rate_mbps
609,74,69,500000,128078210162,,slot=128;src=74;dst=69;rate_mbps=2.0;flow_size_byte=500000;packet_lambda_per_s=None;packet_size_byte=1500;lambda_mode=flow_per_pair_rate_mbps
610,67,70,500000,128467123303,,slot=128;src=67;dst=70;rate_mbps=2.0;flow_size_byte=500000;packet_lambda_per_s=None;packet_size_byte=1500;lambda_mode=flow_per_pair_rate_mbps
611,71,75,500000,128556819083,,slot=128;src=71;dst=75;rate_mbps=2.0;flow_size_byte=500000;packet_lambda_per_s=None;packet_size_byte=1500;lambda_mode=flow_per_pair_rate_mbps
612,73,66,500000,128572643260,,slot=128;src=73;dst=66;rate_mbps=2.0;flow_size_byte=500000;packet_lambda_per_s=None;packet_size_byte=1500;lambda_mode=flow_per_pair_rate_mbps
613,68,72,500000,128908090255,,slot=128;src=68;dst=72;rate_mbps=2.0;flow_size_byte=500000;packet_lambda_per_s=None;packet_size_byte=1500;lambda_mode=flow_per_pair_rate_mbps
614,66,73,500000,128984513407,,slot=128;src=66;dst=73;rate_mbps=2.0;flow_size_byte=500000;packet_lambda_per_s=None;packet_size_byte=1500;lambda_mode=flow_per_pair_rate_mbps
615,71,75,500000,129177058580,,slot=129;src=71;dst=75;rate_mbps=2.0;flow_size_byte=500000;packet_lambda_per_s=None;packet_size_byte=1500;lambda_mode=flow_per_pair_rate_mbps
616,70,67,500000,129287374429,,slot=129;src=70;dst=67;rate_mbps=2.0;flow_size_byte=500000;packet_lambda_per_s=None;packet_size_byte=1500;lambda_mode=flow_per_pair_rate_mbps
617,69,74,500000,129435721817,,slot=129;src=69;dst=74;rate_mbps=2.0;flow_size_byte=500000;packet_lambda_per_s=None;packet_size_byte=1500;lambda_mode=flow_per_pair_rate_mbps
618,66,73,500000,129590762252,,slot=129;src=66;dst=73;rate_mbps=2.0;flow_size_byte=500000;packet_lambda_per_s=None;packet_size_byte=1500;lambda_mode=flow_per_pair_rate_mbps
619,67,70,500000,129792170307,,slot=129;src=67;dst=70;rate_mbps=2.0;flow_size_byte=500000;packet_lambda_per_s=None;packet_size_byte=1500;lambda_mode=flow_per_pair_rate_mbps
620,74,69,500000,130280398341,,slot=130;src=74;dst=69;rate_mbps=2.0;flow_size_byte=500000;packet_lambda_per_s=None;packet_size_byte=1500;lambda_mode=flow_per_pair_rate_mbps
621,66,73,500000,130322783064,,slot=130;src=66;dst=73;rate_mbps=2.0;flow_size_byte=500000;packet_lambda_per_s=None;packet_size_byte=1500;lambda_mode=flow_per_pair_rate_mbps
622,71,75,500000,130375648724,,slot=130;src=71;dst=75;rate_mbps=2.0;flow_size_byte=500000;packet_lambda_per_s=None;packet_size_byte=1500;lambda_mode=flow_per_pair_rate_mbps
623,68,72,500000,130613251971,,slot=130;src=68;dst=72;rate_mbps=2.0;flow_size_byte=500000;packet_lambda_per_s=None;packet_size_byte=1500;lambda_mode=flow_per_pair_rate_mbps
624,73,66,500000,130754559558,,slot=130;src=73;dst=66;rate_mbps=2.0;flow_size_byte=500000;packet_lambda_per_s=None;packet_size_byte=1500;lambda_mode=flow_per_pair_rate_mbps
625,67,70,500000,130844388209,,slot=130;src=67;dst=70;rate_mbps=2.0;flow_size_byte=500000;packet_lambda_per_s=None;packet_size_byte=1500;lambda_mode=flow_per_pair_rate_mbps
626,68,72,500000,130844483424,,slot=130;src=68;dst=72;rate_mbps=2.0;flow_size_byte=500000;packet_lambda_per_s=None;packet_size_byte=1500;lambda_mode=flow_per_pair_rate_mbps
627,73,66,500000,131480327561,,slot=131;src=73;dst=66;rate_mbps=2.0;flow_size_byte=500000;packet_lambda_per_s=None;packet_size_byte=1500;lambda_mode=flow_per_pair_rate_mbps
628,67,70,500000,131495490629,,slot=131;src=67;dst=70;rate_mbps=2.0;flow_size_byte=500000;packet_lambda_per_s=None;packet_size_byte=1500;lambda_mode=flow_per_pair_rate_mbps
629,68,72,500000,131536800715,,slot=131;src=68;dst=72;rate_mbps=2.0;flow_size_byte=500000;packet_lambda_per_s=None;packet_size_byte=1500;lambda_mode=flow_per_pair_rate_mbps
630,72,68,500000,131659575224,,slot=131;src=72;dst=68;rate_mbps=2.0;flow_size_byte=500000;packet_lambda_per_s=None;packet_size_byte=1500;lambda_mode=flow_per_pair_rate_mbps
631,75,71,500000,131714621575,,slot=131;src=75;dst=71;rate_mbps=2.0;flow_size_byte=500000;packet_lambda_per_s=None;packet_size_byte=1500;lambda_mode=flow_per_pair_rate_mbps
632,67,70,500000,131755612420,,slot=131;src=67;dst=70;rate_mbps=2.0;flow_size_byte=500000;packet_lambda_per_s=None;packet_size_byte=1500;lambda_mode=flow_per_pair_rate_mbps
633,70,67,500000,133132438025,,slot=133;src=70;dst=67;rate_mbps=2.0;flow_size_byte=500000;packet_lambda_per_s=None;packet_size_byte=1500;lambda_mode=flow_per_pair_rate_mbps
634,67,70,500000,133660184829,,slot=133;src=67;dst=70;rate_mbps=2.0;flow_size_byte=500000;packet_lambda_per_s=None;packet_size_byte=1500;lambda_mode=flow_per_pair_rate_mbps
635,72,68,500000,133752499762,,slot=133;src=72;dst=68;rate_mbps=2.0;flow_size_byte=500000;packet_lambda_per_s=None;packet_size_byte=1500;lambda_mode=flow_per_pair_rate_mbps
636,75,71,500000,133864881582,,slot=133;src=75;dst=71;rate_mbps=2.0;flow_size_byte=500000;packet_lambda_per_s=None;packet_size_byte=1500;lambda_mode=flow_per_pair_rate_mbps
637,66,73,500000,134044359682,,slot=134;src=66;dst=73;rate_mbps=2.0;flow_size_byte=500000;packet_lambda_per_s=None;packet_size_byte=1500;lambda_mode=flow_per_pair_rate_mbps
638,75,71,500000,134284184124,,slot=134;src=75;dst=71;rate_mbps=2.0;flow_size_byte=500000;packet_lambda_per_s=None;packet_size_byte=1500;lambda_mode=flow_per_pair_rate_mbps
639,66,73,500000,134286781157,,slot=134;src=66;dst=73;rate_mbps=2.0;flow_size_byte=500000;packet_lambda_per_s=None;packet_size_byte=1500;lambda_mode=flow_per_pair_rate_mbps
640,74,69,500000,134548979902,,slot=134;src=74;dst=69;rate_mbps=2.0;flow_size_byte=500000;packet_lambda_per_s=None;packet_size_byte=1500;lambda_mode=flow_per_pair_rate_mbps
641,66,73,500000,134881727038,,slot=134;src=66;dst=73;rate_mbps=2.0;flow_size_byte=500000;packet_lambda_per_s=None;packet_size_byte=1500;lambda_mode=flow_per_pair_rate_mbps
642,73,66,500000,134928304311,,slot=134;src=73;dst=66;rate_mbps=2.0;flow_size_byte=500000;packet_lambda_per_s=None;packet_size_byte=1500;lambda_mode=flow_per_pair_rate_mbps
643,66,73,500000,135081727038,,slot=135;src=66;dst=73;rate_mbps=2.0;flow_size_byte=500000;packet_lambda_per_s=None;packet_size_byte=1500;lambda_mode=flow_per_pair_rate_mbps
644,68,72,500000,135226854062,,slot=135;src=68;dst=72;rate_mbps=2.0;flow_size_byte=500000;packet_lambda_per_s=None;packet_size_byte=1500;lambda_mode=flow_per_pair_rate_mbps
645,66,73,500000,135341654273,,slot=135;src=66;dst=73;rate_mbps=2.0;flow_size_byte=500000;packet_lambda_per_s=None;packet_size_byte=1500;lambda_mode=flow_per_pair_rate_mbps
646,71,75,500000,135550288586,,slot=135;src=71;dst=75;rate_mbps=2.0;flow_size_byte=500000;packet_lambda_per_s=None;packet_size_byte=1500;lambda_mode=flow_per_pair_rate_mbps
647,69,74,500000,135835932767,,slot=135;src=69;dst=74;rate_mbps=2.0;flow_size_byte=500000;packet_lambda_per_s=None;packet_size_byte=1500;lambda_mode=flow_per_pair_rate_mbps
648,71,75,500000,136425137726,,slot=136;src=71;dst=75;rate_mbps=2.0;flow_size_byte=500000;packet_lambda_per_s=None;packet_size_byte=1500;lambda_mode=flow_per_pair_rate_mbps
649,73,66,500000,136490560852,,slot=136;src=73;dst=66;rate_mbps=2.0;flow_size_byte=500000;packet_lambda_per_s=None;packet_size_byte=1500;lambda_mode=flow_per_pair_rate_mbps
650,74,69,500000,136725729111,,slot=136;src=74;dst=69;rate_mbps=2.0;flow_size_byte=500000;packet_lambda_per_s=None;packet_size_byte=1500;lambda_mode=flow_per_pair_rate_mbps
651,72,68,500000,136748003095,,slot=136;src=72;dst=68;rate_mbps=2.0;flow_size_byte=500000;packet_lambda_per_s=None;packet_size_byte=1500;lambda_mode=flow_per_pair_rate_mbps
652,74,69,500000,136928975074,,slot=136;src=74;dst=69;rate_mbps=2.0;flow_size_byte=500000;packet_lambda_per_s=None;packet_size_byte=1500;lambda_mode=flow_per_pair_rate_mbps
653,66,73,500000,137329222470,,slot=137;src=66;dst=73;rate_mbps=2.0;flow_size_byte=500000;packet_lambda_per_s=None;packet_size_byte=1500;lambda_mode=flow_per_pair_rate_mbps
654,74,69,500000,137482779323,,slot=137;src=74;dst=69;rate_mbps=2.0;flow_size_byte=500000;packet_lambda_per_s=None;packet_size_byte=1500;lambda_mode=flow_per_pair_rate_mbps
655,67,70,500000,137852139216,,slot=137;src=67;dst=70;rate_mbps=2.0;flow_size_byte=500000;packet_lambda_per_s=None;packet_size_byte=1500;lambda_mode=flow_per_pair_rate_mbps
656,69,74,500000,137907664825,,slot=137;src=69;dst=74;rate_mbps=2.0;flow_size_byte=500000;packet_lambda_per_s=None;packet_size_byte=1500;lambda_mode=flow_per_pair_rate_mbps
657,67,70,500000,138052139216,,slot=137;src=67;dst=70;rate_mbps=2.0;flow_size_byte=500000;packet_lambda_per_s=None;packet_size_byte=1500;lambda_mode=flow_per_pair_rate_mbps
658,71,75,500000,138098275399,,slot=138;src=71;dst=75;rate_mbps=2.0;flow_size_byte=500000;packet_lambda_per_s=None;packet_size_byte=1500;lambda_mode=flow_per_pair_rate_mbps
659,72,68,500000,138165040790,,slot=138;src=72;dst=68;rate_mbps=2.0;flow_size_byte=500000;packet_lambda_per_s=None;packet_size_byte=1500;lambda_mode=flow_per_pair_rate_mbps
660,71,75,500000,138298275399,,slot=138;src=71;dst=75;rate_mbps=2.0;flow_size_byte=500000;packet_lambda_per_s=None;packet_size_byte=1500;lambda_mode=flow_per_pair_rate_mbps
661,68,72,500000,138344786272,,slot=138;src=68;dst=72;rate_mbps=2.0;flow_size_byte=500000;packet_lambda_per_s=None;packet_size_byte=1500;lambda_mode=flow_per_pair_rate_mbps
662,73,66,500000,138535687883,,slot=138;src=73;dst=66;rate_mbps=2.0;flow_size_byte=500000;packet_lambda_per_s=None;packet_size_byte=1500;lambda_mode=flow_per_pair_rate_mbps
663,67,70,500000,138593650802,,slot=138;src=67;dst=70;rate_mbps=2.0;flow_size_byte=500000;packet_lambda_per_s=None;packet_size_byte=1500;lambda_mode=flow_per_pair_rate_mbps
664,68,72,500000,138822471422,,slot=138;src=68;dst=72;rate_mbps=2.0;flow_size_byte=500000;packet_lambda_per_s=None;packet_size_byte=1500;lambda_mode=flow_per_pair_rate_mbps
665,74,69,500000,138837664265,,slot=138;src=74;dst=69;rate_mbps=2.0;flow_size_byte=500000;packet_lambda_per_s=None;packet_size_byte=1500;lambda_mode=flow_per_pair_rate_mbps
666,73,66,500000,138909228442,,slot=138;src=73;dst=66;rate_mbps=2.0;flow_size_byte=500000;packet_lambda_per_s=None;packet_size_byte=1500;lambda_mode=flow_per_pair_rate_mbps
667,68,72,500000,139175919189,,slot=139;src=68;dst=72;rate_mbps=2.0;flow_size_byte=500000;packet_lambda_per_s=None;packet_size_byte=1500;lambda_mode=flow_per_pair_rate_mbps
668,75,71,500000,139264515462,,slot=139;src=75;dst=71;rate_mbps=2.0;flow_size_byte=500000;packet_lambda_per_s=None;packet_size_byte=1500;lambda_mode=flow_per_pair_rate_mbps
669,69,74,500000,139391775518,,slot=139;src=69;dst=74;rate_mbps=2.0;flow_size_byte=500000;packet_lambda_per_s=None;packet_size_byte=1500;lambda_mode=flow_per_pair_rate_mbps
670,70,67,500000,139416190470,,slot=139;src=70;dst=67;rate_mbps=2.0;flow_size_byte=500000;packet_lambda_per_s=None;packet_size_byte=1500;lambda_mode=flow_per_pair_rate_mbps
671,67,70,500000,139464993808,,slot=139;src=67;dst=70;rate_mbps=2.0;flow_size_byte=500000;packet_lambda_per_s=None;packet_size_byte=1500;lambda_mode=flow_per_pair_rate_mbps
672,68,72,500000,139521392926,,slot=139;src=68;dst=72;rate_mbps=2.0;flow_size_byte=500000;packet_lambda_per_s=None;packet_size_byte=1500;lambda_mode=flow_per_pair_rate_mbps
673,66,73,500000,139850458994,,slot=139;src=66;dst=73;rate_mbps=2.0;flow_size_byte=500000;packet_lambda_per_s=None;packet_size_byte=1500;lambda_mode=flow_per_pair_rate_mbps
674,69,74,500000,140251242902,,slot=140;src=69;dst=74;rate_mbps=2.0;flow_size_byte=500000;packet_lambda_per_s=None;packet_size_byte=1500;lambda_mode=flow_per_pair_rate_mbps
675,69,74,500000,140590294668,,slot=140;src=69;dst=74;rate_mbps=2.0;flow_size_byte=500000;packet_lambda_per_s=None;packet_size_byte=1500;lambda_mode=flow_per_pair_rate_mbps
676,68,72,500000,140795301492,,slot=140;src=68;dst=72;rate_mbps=2.0;flow_size_byte=500000;packet_lambda_per_s=None;packet_size_byte=1500;lambda_mode=flow_per_pair_rate_mbps
677,71,75,500000,140813639118,,slot=140;src=71;dst=75;rate_mbps=2.0;flow_size_byte=500000;packet_lambda_per_s=None;packet_size_byte=1500;lambda_mode=flow_per_pair_rate_mbps
678,67,70,500000,140999971204,,slot=140;src=67;dst=70;rate_mbps=2.0;flow_size_byte=500000;packet_lambda_per_s=None;packet_size_byte=1500;lambda_mode=flow_per_pair_rate_mbps
679,75,71,500000,141163127828,,slot=141;src=75;dst=71;rate_mbps=2.0;flow_size_byte=500000;packet_lambda_per_s=None;packet_size_byte=1500;lambda_mode=flow_per_pair_rate_mbps
680,70,67,500000,141338453698,,slot=141;src=70;dst=67;rate_mbps=2.0;flow_size_byte=500000;packet_lambda_per_s=None;packet_size_byte=1500;lambda_mode=flow_per_pair_rate_mbps
681,68,72,500000,141492322939,,slot=141;src=68;dst=72;rate_mbps=2.0;flow_size_byte=500000;packet_lambda_per_s=None;packet_size_byte=1500;lambda_mode=flow_per_pair_rate_mbps
682,75,71,500000,141594073744,,slot=141;src=75;dst=71;rate_mbps=2.0;flow_size_byte=500000;packet_lambda_per_s=None;packet_size_byte=1500;lambda_mode=flow_per_pair_rate_mbps
683,73,66,500000,141655142370,,slot=141;src=73;dst=66;rate_mbps=2.0;flow_size_byte=500000;packet_lambda_per_s=None;packet_size_byte=1500;lambda_mode=flow_per_pair_rate_mbps
684,72,68,500000,141830196204,,slot=141;src=72;dst=68;rate_mbps=2.0;flow_size_byte=500000;packet_lambda_per_s=None;packet_size_byte=1500;lambda_mode=flow_per_pair_rate_mbps
685,73,66,500000,142792366145,,slot=142;src=73;dst=66;rate_mbps=2.0;flow_size_byte=500000;packet_lambda_per_s=None;packet_size_byte=1500;lambda_mode=flow_per_pair_rate_mbps
686,75,71,500000,142883742872,,slot=142;src=75;dst=71;rate_mbps=2.0;flow_size_byte=500000;packet_lambda_per_s=None;packet_size_byte=1500;lambda_mode=flow_per_pair_rate_mbps
687,67,70,500000,142987522341,,slot=142;src=67;dst=70;rate_mbps=2.0;flow_size_byte=500000;packet_lambda_per_s=None;packet_size_byte=1500;lambda_mode=flow_per_pair_rate_mbps
688,67,70,500000,143187522341,,slot=143;src=67;dst=70;rate_mbps=2.0;flow_size_byte=500000;packet_lambda_per_s=None;packet_size_byte=1500;lambda_mode=flow_per_pair_rate_mbps
689,72,68,500000,143598751618,,slot=143;src=72;dst=68;rate_mbps=2.0;flow_size_byte=500000;packet_lambda_per_s=None;packet_size_byte=1500;lambda_mode=flow_per_pair_rate_mbps
690,68,72,500000,143747084295,,slot=143;src=68;dst=72;rate_mbps=2.0;flow_size_byte=500000;packet_lambda_per_s=None;packet_size_byte=1500;lambda_mode=flow_per_pair_rate_mbps
691,67,70,500000,143811844296,,slot=143;src=67;dst=70;rate_mbps=2.0;flow_size_byte=500000;packet_lambda_per_s=None;packet_size_byte=1500;lambda_mode=flow_per_pair_rate_mbps
692,74,69,500000,143863871048,,slot=143;src=74;dst=69;rate_mbps=2.0;flow_size_byte=500000;packet_lambda_per_s=None;packet_size_byte=1500;lambda_mode=flow_per_pair_rate_mbps
693,70,67,500000,143977974585,,slot=143;src=70;dst=67;rate_mbps=2.0;flow_size_byte=500000;packet_lambda_per_s=None;packet_size_byte=1500;lambda_mode=flow_per_pair_rate_mbps
694,68,72,500000,144374617437,,slot=144;src=68;dst=72;rate_mbps=2.0;flow_size_byte=500000;packet_lambda_per_s=None;packet_size_byte=1500;lambda_mode=flow_per_pair_rate_mbps
695,71,75,500000,144728877359,,slot=144;src=71;dst=75;rate_mbps=2.0;flow_size_byte=500000;packet_lambda_per_s=None;packet_size_byte=1500;lambda_mode=flow_per_pair_rate_mbps
696,66,73,500000,144901777337,,slot=144;src=66;dst=73;rate_mbps=2.0;flow_size_byte=500000;packet_lambda_per_s=None;packet_size_byte=1500;lambda_mode=flow_per_pair_rate_mbps
697,67,70,500000,144971776198,,slot=144;src=67;dst=70;rate_mbps=2.0;flow_size_byte=500000;packet_lambda_per_s=None;packet_size_byte=1500;lambda_mode=flow_per_pair_rate_mbps
698,67,70,500000,145171776198,,slot=144;src=67;dst=70;rate_mbps=2.0;flow_size_byte=500000;packet_lambda_per_s=None;packet_size_byte=1500;lambda_mode=flow_per_pair_rate_mbps
699,73,66,500000,145196191737,,slot=145;src=73;dst=66;rate_mbps=2.0;flow_size_byte=500000;packet_lambda_per_s=None;packet_size_byte=1500;lambda_mode=flow_per_pair_rate_mbps
700,72,68,500000,145437173388,,slot=145;src=72;dst=68;rate_mbps=2.0;flow_size_byte=500000;packet_lambda_per_s=None;packet_size_byte=1500;lambda_mode=flow_per_pair_rate_mbps
701,70,67,500000,145469384462,,slot=145;src=70;dst=67;rate_mbps=2.0;flow_size_byte=500000;packet_lambda_per_s=None;packet_size_byte=1500;lambda_mode=flow_per_pair_rate_mbps
702,73,66,500000,146022745454,,slot=146;src=73;dst=66;rate_mbps=2.0;flow_size_byte=500000;packet_lambda_per_s=None;packet_size_byte=1500;lambda_mode=flow_per_pair_rate_mbps
703,73,66,500000,146494068200,,slot=146;src=73;dst=66;rate_mbps=2.0;flow_size_byte=500000;packet_lambda_per_s=None;packet_size_byte=1500;lambda_mode=flow_per_pair_rate_mbps
704,71,75,500000,147229377900,,slot=147;src=71;dst=75;rate_mbps=2.0;flow_size_byte=500000;packet_lambda_per_s=None;packet_size_byte=1500;lambda_mode=flow_per_pair_rate_mbps
705,66,73,500000,148269771816,,slot=148;src=66;dst=73;rate_mbps=2.0;flow_size_byte=500000;packet_lambda_per_s=None;packet_size_byte=1500;lambda_mode=flow_per_pair_rate_mbps
706,69,74,500000,148345086326,,slot=148;src=69;dst=74;rate_mbps=2.0;flow_size_byte=500000;packet_lambda_per_s=None;packet_size_byte=1500;lambda_mode=flow_per_pair_rate_mbps
707,74,69,500000,148620743277,,slot=148;src=74;dst=69;rate_mbps=2.0;flow_size_byte=500000;packet_lambda_per_s=None;packet_size_byte=1500;lambda_mode=flow_per_pair_rate_mbps
708,74,69,500000,148820743277,,slot=148;src=74;dst=69;rate_mbps=2.0;flow_size_byte=500000;packet_lambda_per_s=None;packet_size_byte=1500;lambda_mode=flow_per_pair_rate_mbps
709,66,73,500000,148962045963,,slot=148;src=66;dst=73;rate_mbps=2.0;flow_size_byte=500000;packet_lambda_per_s=None;packet_size_byte=1500;lambda_mode=flow_per_pair_rate_mbps
710,72,68,500000,149043739529,,slot=149;src=72;dst=68;rate_mbps=2.0;flow_size_byte=500000;packet_lambda_per_s=None;packet_size_byte=1500;lambda_mode=flow_per_pair_rate_mbps
711,71,75,500000,149077222632,,slot=149;src=71;dst=75;rate_mbps=2.0;flow_size_byte=500000;packet_lambda_per_s=None;packet_size_byte=1500;lambda_mode=flow_per_pair_rate_mbps
712,71,75,500000,149277222632,,slot=149;src=71;dst=75;rate_mbps=2.0;flow_size_byte=500000;packet_lambda_per_s=None;packet_size_byte=1500;lambda_mode=flow_per_pair_rate_mbps
713,74,69,500000,149491961804,,slot=149;src=74;dst=69;rate_mbps=2.0;flow_size_byte=500000;packet_lambda_per_s=None;packet_size_byte=1500;lambda_mode=flow_per_pair_rate_mbps
714,71,75,500000,149627978751,,slot=149;src=71;dst=75;rate_mbps=2.0;flow_size_byte=500000;packet_lambda_per_s=None;packet_size_byte=1500;lambda_mode=flow_per_pair_rate_mbps
715,70,67,500000,149707347319,,slot=149;src=70;dst=67;rate_mbps=2.0;flow_size_byte=500000;packet_lambda_per_s=None;packet_size_byte=1500;lambda_mode=flow_per_pair_rate_mbps
716,74,69,500000,150368011003,,slot=150;src=74;dst=69;rate_mbps=2.0;flow_size_byte=500000;packet_lambda_per_s=None;packet_size_byte=1500;lambda_mode=flow_per_pair_rate_mbps
717,72,68,500000,150409287459,,slot=150;src=72;dst=68;rate_mbps=2.0;flow_size_byte=500000;packet_lambda_per_s=None;packet_size_byte=1500;lambda_mode=flow_per_pair_rate_mbps
718,70,67,500000,150621403590,,slot=150;src=70;dst=67;rate_mbps=2.0;flow_size_byte=500000;packet_lambda_per_s=None;packet_size_byte=1500;lambda_mode=flow_per_pair_rate_mbps
719,71,75,500000,150658815560,,slot=150;src=71;dst=75;rate_mbps=2.0;flow_size_byte=500000;packet_lambda_per_s=None;packet_size_byte=1500;lambda_mode=flow_per_pair_rate_mbps
720,66,73,500000,150992740227,,slot=150;src=66;dst=73;rate_mbps=2.0;flow_size_byte=500000;packet_lambda_per_s=None;packet_size_byte=1500;lambda_mode=flow_per_pair_rate_mbps
721,75,71,500000,151090020616,,slot=151;src=75;dst=71;rate_mbps=2.0;flow_size_byte=500000;packet_lambda_per_s=None;packet_size_byte=1500;lambda_mode=flow_per_pair_rate_mbps
722,72,68,500000,151192692289,,slot=151;src=72;dst=68;rate_mbps=2.0;flow_size_byte=500000;packet_lambda_per_s=None;packet_size_byte=1500;lambda_mode=flow_per_pair_rate_mbps
723,66,73,500000,151193978946,,slot=151;src=66;dst=73;rate_mbps=2.0;flow_size_byte=500000;packet_lambda_per_s=None;packet_size_byte=1500;lambda_mode=flow_per_pair_rate_mbps
724,69,74,500000,151552120175,,slot=151;src=69;dst=74;rate_mbps=2.0;flow_size_byte=500000;packet_lambda_per_s=None;packet_size_byte=1500;lambda_mode=flow_per_pair_rate_mbps
725,71,75,500000,151678201136,,slot=151;src=71;dst=75;rate_mbps=2.0;flow_size_byte=500000;packet_lambda_per_s=None;packet_size_byte=1500;lambda_mode=flow_per_pair_rate_mbps
726,69,74,500000,152013607787,,slot=152;src=69;dst=74;rate_mbps=2.0;flow_size_byte=500000;packet_lambda_per_s=None;packet_size_byte=1500;lambda_mode=flow_per_pair_rate_mbps
727,66,73,500000,152091074294,,slot=152;src=66;dst=73;rate_mbps=2.0;flow_size_byte=500000;packet_lambda_per_s=None;packet_size_byte=1500;lambda_mode=flow_per_pair_rate_mbps
728,75,71,500000,152600054515,,slot=152;src=75;dst=71;rate_mbps=2.0;flow_size_byte=500000;packet_lambda_per_s=None;packet_size_byte=1500;lambda_mode=flow_per_pair_rate_mbps
729,67,70,500000,152792570431,,slot=152;src=67;dst=70;rate_mbps=2.0;flow_size_byte=500000;packet_lambda_per_s=None;packet_size_byte=1500;lambda_mode=flow_per_pair_rate_mbps
730,75,71,500000,152800054515,,slot=152;src=75;dst=71;rate_mbps=2.0;flow_size_byte=500000;packet_lambda_per_s=None;packet_size_byte=1500;lambda_mode=flow_per_pair_rate_mbps
731,75,71,500000,153000054515,,slot=152;src=75;dst=71;rate_mbps=2.0;flow_size_byte=500000;packet_lambda_per_s=None;packet_size_byte=1500;lambda_mode=flow_per_pair_rate_mbps
732,73,66,500000,153042119878,,slot=153;src=73;dst=66;rate_mbps=2.0;flow_size_byte=500000;packet_lambda_per_s=None;packet_size_byte=1500;lambda_mode=flow_per_pair_rate_mbps
733,71,75,500000,153299073986,,slot=153;src=71;dst=75;rate_mbps=2.0;flow_size_byte=500000;packet_lambda_per_s=None;packet_size_byte=1500;lambda_mode=flow_per_pair_rate_mbps
734,75,71,500000,153327394975,,slot=153;src=75;dst=71;rate_mbps=2.0;flow_size_byte=500000;packet_lambda_per_s=None;packet_size_byte=1500;lambda_mode=flow_per_pair_rate_mbps
735,74,69,500000,153506982577,,slot=153;src=74;dst=69;rate_mbps=2.0;flow_size_byte=500000;packet_lambda_per_s=None;packet_size_byte=1500;lambda_mode=flow_per_pair_rate_mbps
736,74,69,500000,153721473797,,slot=153;src=74;dst=69;rate_mbps=2.0;flow_size_byte=500000;packet_lambda_per_s=None;packet_size_byte=1500;lambda_mode=flow_per_pair_rate_mbps
737,67,70,500000,153778912180,,slot=153;src=67;dst=70;rate_mbps=2.0;flow_size_byte=500000;packet_lambda_per_s=None;packet_size_byte=1500;lambda_mode=flow_per_pair_rate_mbps
738,75,71,500000,153980996455,,slot=153;src=75;dst=71;rate_mbps=2.0;flow_size_byte=500000;packet_lambda_per_s=None;packet_size_byte=1500;lambda_mode=flow_per_pair_rate_mbps
739,72,68,500000,154319302539,,slot=154;src=72;dst=68;rate_mbps=2.0;flow_size_byte=500000;packet_lambda_per_s=None;packet_size_byte=1500;lambda_mode=flow_per_pair_rate_mbps
740,66,73,500000,154505514205,,slot=154;src=66;dst=73;rate_mbps=2.0;flow_size_byte=500000;packet_lambda_per_s=None;packet_size_byte=1500;lambda_mode=flow_per_pair_rate_mbps
741,67,70,500000,155891308321,,slot=155;src=67;dst=70;rate_mbps=2.0;flow_size_byte=500000;packet_lambda_per_s=None;packet_size_byte=1500;lambda_mode=flow_per_pair_rate_mbps
742,67,70,500000,156348091183,,slot=156;src=67;dst=70;rate_mbps=2.0;flow_size_byte=500000;packet_lambda_per_s=None;packet_size_byte=1500;lambda_mode=flow_per_pair_rate_mbps
743,71,75,500000,156656203219,,slot=156;src=71;dst=75;rate_mbps=2.0;flow_size_byte=500000;packet_lambda_per_s=None;packet_size_byte=1500;lambda_mode=flow_per_pair_rate_mbps
744,66,73,500000,156975812478,,slot=156;src=66;dst=73;rate_mbps=2.0;flow_size_byte=500000;packet_lambda_per_s=None;packet_size_byte=1500;lambda_mode=flow_per_pair_rate_mbps
745,67,70,500000,157218852480,,slot=157;src=67;dst=70;rate_mbps=2.0;flow_size_byte=500000;packet_lambda_per_s=None;packet_size_byte=1500;lambda_mode=flow_per_pair_rate_mbps
746,72,68,500000,157358290935,,slot=157;src=72;dst=68;rate_mbps=2.0;flow_size_byte=500000;packet_lambda_per_s=None;packet_size_byte=1500;lambda_mode=flow_per_pair_rate_mbps
747,73,66,500000,157376451740,,slot=157;src=73;dst=66;rate_mbps=2.0;flow_size_byte=500000;packet_lambda_per_s=None;packet_size_byte=1500;lambda_mode=flow_per_pair_rate_mbps
748,74,69,500000,157504547848,,slot=157;src=74;dst=69;rate_mbps=2.0;flow_size_byte=500000;packet_lambda_per_s=None;packet_size_byte=1500;lambda_mode=flow_per_pair_rate_mbps
749,69,74,500000,157608833282,,slot=157;src=69;dst=74;rate_mbps=2.0;flow_size_byte=500000;packet_lambda_per_s=None;packet_size_byte=1500;lambda_mode=flow_per_pair_rate_mbps
750,66,73,500000,157984102354,,slot=157;src=66;dst=73;rate_mbps=2.0;flow_size_byte=500000;packet_lambda_per_s=None;packet_size_byte=1500;lambda_mode=flow_per_pair_rate_mbps
751,75,71,500000,157993584961,,slot=157;src=75;dst=71;rate_mbps=2.0;flow_size_byte=500000;packet_lambda_per_s=None;packet_size_byte=1500;lambda_mode=flow_per_pair_rate_mbps
752,68,72,500000,158308885429,,slot=158;src=68;dst=72;rate_mbps=2.0;flow_size_byte=500000;packet_lambda_per_s=None;packet_size_byte=1500;lambda_mode=flow_per_pair_rate_mbps
753,75,71,500000,158327920950,,slot=158;src=75;dst=71;rate_mbps=2.0;flow_size_byte=500000;packet_lambda_per_s=None;packet_size_byte=1500;lambda_mode=flow_per_pair_rate_mbps
754,69,74,500000,158529166023,,slot=158;src=69;dst=74;rate_mbps=2.0;flow_size_byte=500000;packet_lambda_per_s=None;packet_size_byte=1500;lambda_mode=flow_per_pair_rate_mbps
755,70,67,500000,159175564786,,slot=159;src=70;dst=67;rate_mbps=2.0;flow_size_byte=500000;packet_lambda_per_s=None;packet_size_byte=1500;lambda_mode=flow_per_pair_rate_mbps
756,74,69,500000,159483030125,,slot=159;src=74;dst=69;rate_mbps=2.0;flow_size_byte=500000;packet_lambda_per_s=None;packet_size_byte=1500;lambda_mode=flow_per_pair_rate_mbps
757,75,71,500000,159516506095,,slot=159;src=75;dst=71;rate_mbps=2.0;flow_size_byte=500000;packet_lambda_per_s=None;packet_size_byte=1500;lambda_mode=flow_per_pair_rate_mbps
758,70,67,500000,159527401022,,slot=159;src=70;dst=67;rate_mbps=2.0;flow_size_byte=500000;packet_lambda_per_s=None;packet_size_byte=1500;lambda_mode=flow_per_pair_rate_mbps
759,74,69,500000,159779828514,,slot=159;src=74;dst=69;rate_mbps=2.0;flow_size_byte=500000;packet_lambda_per_s=None;packet_size_byte=1500;lambda_mode=flow_per_pair_rate_mbps
760,68,72,500000,159898899678,,slot=159;src=68;dst=72;rate_mbps=2.0;flow_size_byte=500000;packet_lambda_per_s=None;packet_size_byte=1500;lambda_mode=flow_per_pair_rate_mbps
761,67,70,500000,159904125940,,slot=159;src=67;dst=70;rate_mbps=2.0;flow_size_byte=500000;packet_lambda_per_s=None;packet_size_byte=1500;lambda_mode=flow_per_pair_rate_mbps
762,68,72,500000,160557924830,,slot=160;src=68;dst=72;rate_mbps=2.0;flow_size_byte=500000;packet_lambda_per_s=None;packet_size_byte=1500;lambda_mode=flow_per_pair_rate_mbps
763,70,67,500000,160610828045,,slot=160;src=70;dst=67;rate_mbps=2.0;flow_size_byte=500000;packet_lambda_per_s=None;packet_size_byte=1500;lambda_mode=flow_per_pair_rate_mbps
764,70,67,500000,160842041787,,slot=160;src=70;dst=67;rate_mbps=2.0;flow_size_byte=500000;packet_lambda_per_s=None;packet_size_byte=1500;lambda_mode=flow_per_pair_rate_mbps
765,72,68,500000,161284307519,,slot=161;src=72;dst=68;rate_mbps=2.0;flow_size_byte=500000;packet_lambda_per_s=None;packet_size_byte=1500;lambda_mode=flow_per_pair_rate_mbps
766,72,68,500000,161484307519,,slot=161;src=72;dst=68;rate_mbps=2.0;flow_size_byte=500000;packet_lambda_per_s=None;packet_size_byte=1500;lambda_mode=flow_per_pair_rate_mbps
767,66,73,500000,161553590205,,slot=161;src=66;dst=73;rate_mbps=2.0;flow_size_byte=500000;packet_lambda_per_s=None;packet_size_byte=1500;lambda_mode=flow_per_pair_rate_mbps
768,72,68,500000,161757730349,,slot=161;src=72;dst=68;rate_mbps=2.0;flow_size_byte=500000;packet_lambda_per_s=None;packet_size_byte=1500;lambda_mode=flow_per_pair_rate_mbps
769,67,70,500000,162165407275,,slot=162;src=67;dst=70;rate_mbps=2.0;flow_size_byte=500000;packet_lambda_per_s=None;packet_size_byte=1500;lambda_mode=flow_per_pair_rate_mbps
770,70,67,500000,162382747150,,slot=162;src=70;dst=67;rate_mbps=2.0;flow_size_byte=500000;packet_lambda_per_s=None;packet_size_byte=1500;lambda_mode=flow_per_pair_rate_mbps
771,72,68,500000,162610707919,,slot=162;src=72;dst=68;rate_mbps=2.0;flow_size_byte=500000;packet_lambda_per_s=None;packet_size_byte=1500;lambda_mode=flow_per_pair_rate_mbps
772,69,74,500000,162688157989,,slot=162;src=69;dst=74;rate_mbps=2.0;flow_size_byte=500000;packet_lambda_per_s=None;packet_size_byte=1500;lambda_mode=flow_per_pair_rate_mbps
773,70,67,500000,162900955875,,slot=162;src=70;dst=67;rate_mbps=2.0;flow_size_byte=500000;packet_lambda_per_s=None;packet_size_byte=1500;lambda_mode=flow_per_pair_rate_mbps
774,74,69,500000,163105880267,,slot=163;src=74;dst=69;rate_mbps=2.0;flow_size_byte=500000;packet_lambda_per_s=None;packet_size_byte=1500;lambda_mode=flow_per_pair_rate_mbps
775,70,67,500000,163127102440,,slot=163;src=70;dst=67;rate_mbps=2.0;flow_size_byte=500000;packet_lambda_per_s=None;packet_size_byte=1500;lambda_mode=flow_per_pair_rate_mbps
776,74,69,500000,163990483465,,slot=163;src=74;dst=69;rate_mbps=2.0;flow_size_byte=500000;packet_lambda_per_s=None;packet_size_byte=1500;lambda_mode=flow_per_pair_rate_mbps
777,73,66,500000,163991139695,,slot=163;src=73;dst=66;rate_mbps=2.0;flow_size_byte=500000;packet_lambda_per_s=None;packet_size_byte=1500;lambda_mode=flow_per_pair_rate_mbps
778,75,71,500000,164995265954,,slot=164;src=75;dst=71;rate_mbps=2.0;flow_size_byte=500000;packet_lambda_per_s=None;packet_size_byte=1500;lambda_mode=flow_per_pair_rate_mbps
779,72,68,500000,165006844089,,slot=165;src=72;dst=68;rate_mbps=2.0;flow_size_byte=500000;packet_lambda_per_s=None;packet_size_byte=1500;lambda_mode=flow_per_pair_rate_mbps
780,70,67,500000,165314510042,,slot=165;src=70;dst=67;rate_mbps=2.0;flow_size_byte=500000;packet_lambda_per_s=None;packet_size_byte=1500;lambda_mode=flow_per_pair_rate_mbps
781,74,69,500000,165642184564,,slot=165;src=74;dst=69;rate_mbps=2.0;flow_size_byte=500000;packet_lambda_per_s=None;packet_size_byte=1500;lambda_mode=flow_per_pair_rate_mbps
782,66,73,500000,165672120062,,slot=165;src=66;dst=73;rate_mbps=2.0;flow_size_byte=500000;packet_lambda_per_s=None;packet_size_byte=1500;lambda_mode=flow_per_pair_rate_mbps
783,74,69,500000,165842184564,,slot=165;src=74;dst=69;rate_mbps=2.0;flow_size_byte=500000;packet_lambda_per_s=None;packet_size_byte=1500;lambda_mode=flow_per_pair_rate_mbps
784,70,67,500000,166089126406,,slot=166;src=70;dst=67;rate_mbps=2.0;flow_size_byte=500000;packet_lambda_per_s=None;packet_size_byte=1500;lambda_mode=flow_per_pair_rate_mbps
785,73,66,500000,166298069875,,slot=166;src=73;dst=66;rate_mbps=2.0;flow_size_byte=500000;packet_lambda_per_s=None;packet_size_byte=1500;lambda_mode=flow_per_pair_rate_mbps
786,70,67,500000,166327937205,,slot=166;src=70;dst=67;rate_mbps=2.0;flow_size_byte=500000;packet_lambda_per_s=None;packet_size_byte=1500;lambda_mode=flow_per_pair_rate_mbps
787,72,68,500000,166329183241,,slot=166;src=72;dst=68;rate_mbps=2.0;flow_size_byte=500000;packet_lambda_per_s=None;packet_size_byte=1500;lambda_mode=flow_per_pair_rate_mbps
788,69,74,500000,166396957886,,slot=166;src=69;dst=74;rate_mbps=2.0;flow_size_byte=500000;packet_lambda_per_s=None;packet_size_byte=1500;lambda_mode=flow_per_pair_rate_mbps
789,68,72,500000,166587414535,,slot=166;src=68;dst=72;rate_mbps=2.0;flow_size_byte=500000;packet_lambda_per_s=None;packet_size_byte=1500;lambda_mode=flow_per_pair_rate_mbps
790,73,66,500000,166737563525,,slot=166;src=73;dst=66;rate_mbps=2.0;flow_size_byte=500000;packet_lambda_per_s=None;packet_size_byte=1500;lambda_mode=flow_per_pair_rate_mbps
791,69,74,500000,166839422129,,slot=166;src=69;dst=74;rate_mbps=2.0;flow_size_byte=500000;packet_lambda_per_s=None;packet_size_byte=1500;lambda_mode=flow_per_pair_rate_mbps
792,72,68,500000,167088727674,,slot=167;src=72;dst=68;rate_mbps=2.0;flow_size_byte=500000;packet_lambda_per_s=None;packet_size_byte=1500;lambda_mode=flow_per_pair_rate_mbps
793,71,75,500000,167237738734,,slot=167;src=71;dst=75;rate_mbps=2.0;flow_size_byte=500000;packet_lambda_per_s=None;packet_size_byte=1500;lambda_mode=flow_per_pair_rate_mbps
794,67,70,500000,167300144499,,slot=167;src=67;dst=70;rate_mbps=2.0;flow_size_byte=500000;packet_lambda_per_s=None;packet_size_byte=1500;lambda_mode=flow_per_pair_rate_mbps
795,70,67,500000,167471022050,,slot=167;src=70;dst=67;rate_mbps=2.0;flow_size_byte=500000;packet_lambda_per_s=None;packet_size_byte=1500;lambda_mode=flow_per_pair_rate_mbps
796,69,74,500000,167731704745,,slot=167;src=69;dst=74;rate_mbps=2.0;flow_size_byte=500000;packet_lambda_per_s=None;packet_size_byte=1500;lambda_mode=flow_per_pair_rate_mbps
797,73,66,500000,168114341284,,slot=168;src=73;dst=66;rate_mbps=2.0;flow_size_byte=500000;packet_lambda_per_s=None;packet_size_byte=1500;lambda_mode=flow_per_pair_rate_mbps
798,75,71,500000,168177517250,,slot=168;src=75;dst=71;rate_mbps=2.0;flow_size_byte=500000;packet_lambda_per_s=None;packet_size_byte=1500;lambda_mode=flow_per_pair_rate_mbps
799,74,69,500000,168268393580,,slot=168;src=74;dst=69;rate_mbps=2.0;flow_size_byte=500000;packet_lambda_per_s=None;packet_size_byte=1500;lambda_mode=flow_per_pair_rate_mbps
800,67,70,500000,168551665885,,slot=168;src=67;dst=70;rate_mbps=2.0;flow_size_byte=500000;packet_lambda_per_s=None;packet_size_byte=1500;lambda_mode=flow_per_pair_rate_mbps
801,69,74,500000,168589088915,,slot=168;src=69;dst=74;rate_mbps=2.0;flow_size_byte=500000;packet_lambda_per_s=None;packet_size_byte=1500;lambda_mode=flow_per_pair_rate_mbps
802,71,75,500000,168726895190,,slot=168;src=71;dst=75;rate_mbps=2.0;flow_size_byte=500000;packet_lambda_per_s=None;packet_size_byte=1500;lambda_mode=flow_per_pair_rate_mbps
803,67,70,500000,168751665885,,slot=168;src=67;dst=70;rate_mbps=2.0;flow_size_byte=500000;packet_lambda_per_s=None;packet_size_byte=1500;lambda_mode=flow_per_pair_rate_mbps
804,69,74,500000,168789088915,,slot=168;src=69;dst=74;rate_mbps=2.0;flow_size_byte=500000;packet_lambda_per_s=None;packet_size_byte=1500;lambda_mode=flow_per_pair_rate_mbps
805,67,70,500000,168951665885,,slot=168;src=67;dst=70;rate_mbps=2.0;flow_size_byte=500000;packet_lambda_per_s=None;packet_size_byte=1500;lambda_mode=flow_per_pair_rate_mbps
806,75,71,500000,168955772820,,slot=168;src=75;dst=71;rate_mbps=2.0;flow_size_byte=500000;packet_lambda_per_s=None;packet_size_byte=1500;lambda_mode=flow_per_pair_rate_mbps
807,66,73,500000,169178781762,,slot=169;src=66;dst=73;rate_mbps=2.0;flow_size_byte=500000;packet_lambda_per_s=None;packet_size_byte=1500;lambda_mode=flow_per_pair_rate_mbps
808,68,72,500000,169274451229,,slot=169;src=68;dst=72;rate_mbps=2.0;flow_size_byte=500000;packet_lambda_per_s=None;packet_size_byte=1500;lambda_mode=flow_per_pair_rate_mbps
809,72,68,500000,169501640011,,slot=169;src=72;dst=68;rate_mbps=2.0;flow_size_byte=500000;packet_lambda_per_s=None;packet_size_byte=1500;lambda_mode=flow_per_pair_rate_mbps
810,67,70,500000,169864710158,,slot=169;src=67;dst=70;rate_mbps=2.0;flow_size_byte=500000;packet_lambda_per_s=None;packet_size_byte=1500;lambda_mode=flow_per_pair_rate_mbps
811,72,68,500000,169990858448,,slot=169;src=72;dst=68;rate_mbps=2.0;flow_size_byte=500000;packet_lambda_per_s=None;packet_size_byte=1500;lambda_mode=flow_per_pair_rate_mbps
