0,68,72,500000,314121192,,slot=0;src=68;dst=72;rate_mbps=2.4;flow_size_byte=500000;packet_lambda_per_s=None;packet_size_byte=1500;lambda_mode=flow_per_pair_rate_mbps
1,74,69,500000,611401440,,slot=0;src=74;dst=69;rate_mbps=2.4;flow_size_byte=500000;packet_lambda_per_s=None;packet_size_byte=1500;lambda_mode=flow_per_pair_rate_mbps
2,75,71,500000,689102653,,slot=0;src=75;dst=71;rate_mbps=2.4;flow_size_byte=500000;packet_lambda_per_s=None;packet_size_byte=1500;lambda_mode=flow_per_pair_rate_mbps
3,75,71,500000,937095107,,slot=0;src=75;dst=71;rate_mbps=2.4;flow_size_byte=500000;packet_lambda_per_s=None;packet_size_byte=1500;lambda_mode=flow_per_pair_rate_mbps
4,71,75,500000,993175066,,slot=0;src=71;dst=75;rate_mbps=2.4;flow_size_byte=500000;packet_lambda_per_s=None;packet_size_byte=1500;lambda_mode=flow_per_pair_rate_mbps
5,67,70,500000,1015354462,,slot=1;src=67;dst=70;rate_mbps=2.4;flow_size_byte=500000;packet_lambda_per_s=None;packet_size_byte=1500;lambda_mode=flow_per_pair_rate_mbps
6,66,73,500000,1022148635,,slot=1;src=66;dst=73;rate_mbps=2.4;flow_size_byte=500000;packet_lambda_per_s=None;packet_size_byte=1500;lambda_mode=flow_per_pair_rate_mbps
7,72,68,500000,1245180708,,slot=1;src=72;dst=68;rate_mbps=2.4;flow_size_byte=500000;packet_lambda_per_s=None;packet_size_byte=1500;lambda_mode=flow_per_pair_rate_mbps
8,71,75,500000,1634291231,,slot=1;src=71;dst=75;rate_mbps=2.4;flow_size_byte=500000;packet_lambda_per_s=None;packet_size_byte=1500;lambda_mode=flow_per_pair_rate_mbps
9,72,68,500000,1707160643,,slot=1;src=72;dst=68;rate_mbps=2.4;flow_size_byte=500000;packet_lambda_per_s=None;packet_size_byte=1500;lambda_mode=flow_per_pair_rate_mbps
10,66,73,500000,2436550658,,slot=2;src=66;dst=73;rate_mbps=2.4;flow_size_byte=500000;packet_lambda_per_s=None;packet_size_byte=1500;lambda_mode=flow_per_pair_rate_mbps
11,68,72,500000,2446580022,,slot=2;src=68;dst=72;rate_mbps=2.4;flow_size_byte=500000;packet_lambda_per_s=None;packet_size_byte=1500;lambda_mode=flow_per_pair_rate_mbps
12,70,67,500000,2500686309,,slot=2;src=70;dst=67;rate_mbps=2.4;flow_size_byte=500000;packet_lambda_per_s=None;packet_size_byte=1500;lambda_mode=flow_per_pair_rate_mbps
13,74,69,500000,2546702812,,slot=2;src=74;dst=69;rate_mbps=2.4;flow_size_byte=500000;packet_lambda_per_s=None;packet_size_byte=1500;lambda_mode=flow_per_pair_rate_mbps
14,75,71,500000,2707694502,,slot=2;src=75;dst=71;rate_mbps=2.4;flow_size_byte=500000;packet_lambda_per_s=None;packet_size_byte=1500;lambda_mode=flow_per_pair_rate_mbps
15,66,73,500000,2824509870,,slot=2;src=66;dst=73;rate_mbps=2.4;flow_size_byte=500000;packet_lambda_per_s=None;packet_size_byte=1500;lambda_mode=flow_per_pair_rate_mbps
16,72,68,500000,2835453064,,slot=2;src=72;dst=68;rate_mbps=2.4;flow_size_byte=500000;packet_lambda_per_s=None;packet_size_byte=1500;lambda_mode=flow_per_pair_rate_mbps
17,72,68,500000,3035453064,,slot=2;src=72;dst=68;rate_mbps=2.4;flow_size_byte=500000;packet_lambda_per_s=None;packet_size_byte=1500;lambda_mode=flow_per_pair_rate_mbps
18,71,75,500000,3383947631,,slot=3;src=71;dst=75;rate_mbps=2.4;flow_size_byte=500000;packet_lambda_per_s=None;packet_size_byte=1500;lambda_mode=flow_per_pair_rate_mbps
19,67,70,500000,3507331199,,slot=3;src=67;dst=70;rate_mbps=2.4;flow_size_byte=500000;packet_lambda_per_s=None;packet_size_byte=1500;lambda_mode=flow_per_pair_rate_mbps
20,74,69,500000,3546826159,,slot=3;src=74;dst=69;rate_mbps=2.4;flow_size_byte=500000;packet_lambda_per_s=None;packet_size_byte=1500;lambda_mode=flow_per_pair_rate_mbps
21,70,67,500000,3781613530,,slot=3;src=70;dst=67;rate_mbps=2.4;flow_size_byte=500000;packet_lambda_per_s=None;packet_size_byte=1500;lambda_mode=flow_per_pair_rate_mbps
22,66,73,500000,3834426512,,slot=3;src=66;dst=73;rate_mbps=2.4;flow_size_byte=500000;packet_lambda_per_s=None;packet_size_byte=1500;lambda_mode=flow_per_pair_rate_mbps
23,75,71,500000,4278164787,,slot=4;src=75;dst=71;rate_mbps=2.4;flow_size_byte=500000;packet_lambda_per_s=None;packet_size_byte=1500;lambda_mode=flow_per_pair_rate_mbps
24,66,73,500000,4327236680,,slot=4;src=66;dst=73;rate_mbps=2.4;flow_size_byte=500000;packet_lambda_per_s=None;packet_size_byte=1500;lambda_mode=flow_per_pair_rate_mbps
25,70,67,500000,4466714079,,slot=4;src=70;dst=67;rate_mbps=2.4;flow_size_byte=500000;packet_lambda_per_s=None;packet_size_byte=1500;lambda_mode=flow_per_pair_rate_mbps
26,69,74,500000,4502700908,,slot=4;src=69;dst=74;rate_mbps=2.4;flow_size_byte=500000;packet_lambda_per_s=None;packet_size_byte=1500;lambda_mode=flow_per_pair_rate_mbps
27,68,72,500000,4760322054,,slot=4;src=68;dst=72;rate_mbps=2.4;flow_size_byte=500000;packet_lambda_per_s=None;packet_size_byte=1500;lambda_mode=flow_per_pair_rate_mbps
28,72,68,500000,4786125458,,slot=4;src=72;dst=68;rate_mbps=2.4;flow_size_byte=500000;packet_lambda_per_s=None;packet_size_byte=1500;lambda_mode=flow_per_pair_rate_mbps
29,73,66,500000,5011977545,,slot=5;src=73;dst=66;rate_mbps=2.4;flow_size_byte=500000;packet_lambda_per_s=None;packet_size_byte=1500;lambda_mode=flow_per_pair_rate_mbps
30,75,71,500000,5108956694,,slot=5;src=75;dst=71;rate_mbps=2.4;flow_size_byte=500000;packet_lambda_per_s=None;packet_size_byte=1500;lambda_mode=flow_per_pair_rate_mbps
31,71,75,500000,5569841775,,slot=5;src=71;dst=75;rate_mbps=2.4;flow_size_byte=500000;packet_lambda_per_s=None;packet_size_byte=1500;lambda_mode=flow_per_pair_rate_mbps
32,68,72,500000,5573427625,,slot=5;src=68;dst=72;rate_mbps=2.4;flow_size_byte=500000;packet_lambda_per_s=None;packet_size_byte=1500;lambda_mode=flow_per_pair_rate_mbps
33,75,71,500000,5806799097,,slot=5;src=75;dst=71;rate_mbps=2.4;flow_size_byte=500000;packet_lambda_per_s=None;packet_size_byte=1500;lambda_mode=flow_per_pair_rate_mbps
34,72,68,500000,5876697852,,slot=5;src=72;dst=68;rate_mbps=2.4;flow_size_byte=500000;packet_lambda_per_s=None;packet_size_byte=1500;lambda_mode=flow_per_pair_rate_mbps
35,71,75,500000,6255050741,,slot=6;src=71;dst=75;rate_mbps=2.4;flow_size_byte=500000;packet_lambda_per_s=None;packet_size_byte=1500;lambda_mode=flow_per_pair_rate_mbps
36,68,72,500000,6582849038,,slot=6;src=68;dst=72;rate_mbps=2.4;flow_size_byte=500000;packet_lambda_per_s=None;packet_size_byte=1500;lambda_mode=flow_per_pair_rate_mbps
37,67,70,500000,6831389153,,slot=6;src=67;dst=70;rate_mbps=2.4;flow_size_byte=500000;packet_lambda_per_s=None;packet_size_byte=1500;lambda_mode=flow_per_pair_rate_mbps
38,69,74,500000,7302142809,,slot=7;src=69;dst=74;rate_mbps=2.4;flow_size_byte=500000;packet_lambda_per_s=None;packet_size_byte=1500;lambda_mode=flow_per_pair_rate_mbps
39,70,67,500000,7329434710,,slot=7;src=70;dst=67;rate_mbps=2.4;flow_size_byte=500000;packet_lambda_per_s=None;packet_size_byte=1500;lambda_mode=flow_per_pair_rate_mbps
40,74,69,500000,7499490553,,slot=7;src=74;dst=69;rate_mbps=2.4;flow_size_byte=500000;packet_lambda_per_s=None;packet_size_byte=1500;lambda_mode=flow_per_pair_rate_mbps
41,72,68,500000,7739669725,,slot=7;src=72;dst=68;rate_mbps=2.4;flow_size_byte=500000;packet_lambda_per_s=None;packet_size_byte=1500;lambda_mode=flow_per_pair_rate_mbps
42,73,66,500000,8045756453,,slot=8;src=73;dst=66;rate_mbps=2.4;flow_size_byte=500000;packet_lambda_per_s=None;packet_size_byte=1500;lambda_mode=flow_per_pair_rate_mbps
43,70,67,500000,8094857087,,slot=8;src=70;dst=67;rate_mbps=2.4;flow_size_byte=500000;packet_lambda_per_s=None;packet_size_byte=1500;lambda_mode=flow_per_pair_rate_mbps
44,71,75,500000,8231181581,,slot=8;src=71;dst=75;rate_mbps=2.4;flow_size_byte=500000;packet_lambda_per_s=None;packet_size_byte=1500;lambda_mode=flow_per_pair_rate_mbps
45,69,74,500000,8422783748,,slot=8;src=69;dst=74;rate_mbps=2.4;flow_size_byte=500000;packet_lambda_per_s=None;packet_size_byte=1500;lambda_mode=flow_per_pair_rate_mbps
46,66,73,500000,8975227996,,slot=8;src=66;dst=73;rate_mbps=2.4;flow_size_byte=500000;packet_lambda_per_s=None;packet_size_byte=1500;lambda_mode=flow_per_pair_rate_mbps
47,72,68,500000,9210737346,,slot=9;src=72;dst=68;rate_mbps=2.4;flow_size_byte=500000;packet_lambda_per_s=None;packet_size_byte=1500;lambda_mode=flow_per_pair_rate_mbps
48,71,75,500000,9476452196,,slot=9;src=71;dst=75;rate_mbps=2.4;flow_size_byte=500000;packet_lambda_per_s=None;packet_size_byte=1500;lambda_mode=flow_per_pair_rate_mbps
49,73,66,500000,9595731587,,slot=9;src=73;dst=66;rate_mbps=2.4;flow_size_byte=500000;packet_lambda_per_s=None;packet_size_byte=1500;lambda_mode=flow_per_pair_rate_mbps
50,66,73,500000,9769512462,,slot=9;src=66;dst=73;rate_mbps=2.4;flow_size_byte=500000;packet_lambda_per_s=None;packet_size_byte=1500;lambda_mode=flow_per_pair_rate_mbps
51,67,70,500000,9772683505,,slot=9;src=67;dst=70;rate_mbps=2.4;flow_size_byte=500000;packet_lambda_per_s=None;packet_size_byte=1500;lambda_mode=flow_per_pair_rate_mbps
52,66,73,500000,10651308962,,slot=10;src=66;dst=73;rate_mbps=2.4;flow_size_byte=500000;packet_lambda_per_s=None;packet_size_byte=1500;lambda_mode=flow_per_pair_rate_mbps
53,66,73,500000,11044429749,,slot=11;src=66;dst=73;rate_mbps=2.4;flow_size_byte=500000;packet_lambda_per_s=None;packet_size_byte=1500;lambda_mode=flow_per_pair_rate_mbps
54,69,74,500000,11062595523,,slot=11;src=69;dst=74;rate_mbps=2.4;flow_size_byte=500000;packet_lambda_per_s=None;packet_size_byte=1500;lambda_mode=flow_per_pair_rate_mbps
55,67,70,500000,11077824756,,slot=11;src=67;dst=70;rate_mbps=2.4;flow_size_byte=500000;packet_lambda_per_s=None;packet_size_byte=1500;lambda_mode=flow_per_pair_rate_mbps
56,73,66,500000,11178860088,,slot=11;src=73;dst=66;rate_mbps=2.4;flow_size_byte=500000;packet_lambda_per_s=None;packet_size_byte=1500;lambda_mode=flow_per_pair_rate_mbps
57,69,74,500000,11262595523,,slot=11;src=69;dst=74;rate_mbps=2.4;flow_size_byte=500000;packet_lambda_per_s=None;packet_size_byte=1500;lambda_mode=flow_per_pair_rate_mbps
58,66,73,500000,11337943987,,slot=11;src=66;dst=73;rate_mbps=2.4;flow_size_byte=500000;packet_lambda_per_s=None;packet_size_byte=1500;lambda_mode=flow_per_pair_rate_mbps
59,67,70,500000,11587700693,,slot=11;src=67;dst=70;rate_mbps=2.4;flow_size_byte=500000;packet_lambda_per_s=None;packet_size_byte=1500;lambda_mode=flow_per_pair_rate_mbps
60,70,67,500000,11944343155,,slot=11;src=70;dst=67;rate_mbps=2.4;flow_size_byte=500000;packet_lambda_per_s=None;packet_size_byte=1500;lambda_mode=flow_per_pair_rate_mbps
61,69,74,500000,12212717543,,slot=12;src=69;dst=74;rate_mbps=2.4;flow_size_byte=500000;packet_lambda_per_s=None;packet_size_byte=1500;lambda_mode=flow_per_pair_rate_mbps
62,74,69,500000,12330399710,,slot=12;src=74;dst=69;rate_mbps=2.4;flow_size_byte=500000;packet_lambda_per_s=None;packet_size_byte=1500;lambda_mode=flow_per_pair_rate_mbps
63,71,75,500000,12377416899,,slot=12;src=71;dst=75;rate_mbps=2.4;flow_size_byte=500000;packet_lambda_per_s=None;packet_size_byte=1500;lambda_mode=flow_per_pair_rate_mbps
64,71,75,500000,12577416899,,slot=12;src=71;dst=75;rate_mbps=2.4;flow_size_byte=500000;packet_lambda_per_s=None;packet_size_byte=1500;lambda_mode=flow_per_pair_rate_mbps
65,66,73,500000,12868209985,,slot=12;src=66;dst=73;rate_mbps=2.4;flow_size_byte=500000;packet_lambda_per_s=None;packet_size_byte=1500;lambda_mode=flow_per_pair_rate_mbps
66,70,67,500000,12869024354,,slot=12;src=70;dst=67;rate_mbps=2.4;flow_size_byte=500000;packet_lambda_per_s=None;packet_size_byte=1500;lambda_mode=flow_per_pair_rate_mbps
67,69,74,500000,12996101806,,slot=12;src=69;dst=74;rate_mbps=2.4;flow_size_byte=500000;packet_lambda_per_s=None;packet_size_byte=1500;lambda_mode=flow_per_pair_rate_mbps
68,70,67,500000,13069024354,,slot=12;src=70;dst=67;rate_mbps=2.4;flow_size_byte=500000;packet_lambda_per_s=None;packet_size_byte=1500;lambda_mode=flow_per_pair_rate_mbps
69,71,75,500000,13244240840,,slot=13;src=71;dst=75;rate_mbps=2.4;flow_size_byte=500000;packet_lambda_per_s=None;packet_size_byte=1500;lambda_mode=flow_per_pair_rate_mbps
70,69,74,500000,13338690552,,slot=13;src=69;dst=74;rate_mbps=2.4;flow_size_byte=500000;packet_lambda_per_s=None;packet_size_byte=1500;lambda_mode=flow_per_pair_rate_mbps
71,73,66,500000,13840965252,,slot=13;src=73;dst=66;rate_mbps=2.4;flow_size_byte=500000;packet_lambda_per_s=None;packet_size_byte=1500;lambda_mode=flow_per_pair_rate_mbps
72,68,72,500000,14366869338,,slot=14;src=68;dst=72;rate_mbps=2.4;flow_size_byte=500000;packet_lambda_per_s=None;packet_size_byte=1500;lambda_mode=flow_per_pair_rate_mbps
73,70,67,500000,14648714546,,slot=14;src=70;dst=67;rate_mbps=2.4;flow_size_byte=500000;packet_lambda_per_s=None;packet_size_byte=1500;lambda_mode=flow_per_pair_rate_mbps
74,73,66,500000,14671215258,,slot=14;src=73;dst=66;rate_mbps=2.4;flow_size_byte=500000;packet_lambda_per_s=None;packet_size_byte=1500;lambda_mode=flow_per_pair_rate_mbps
75,74,69,500000,14856310529,,slot=14;src=74;dst=69;rate_mbps=2.4;flow_size_byte=500000;packet_lambda_per_s=None;packet_size_byte=1500;lambda_mode=flow_per_pair_rate_mbps
76,73,66,500000,15491449141,,slot=15;src=73;dst=66;rate_mbps=2.4;flow_size_byte=500000;packet_lambda_per_s=None;packet_size_byte=1500;lambda_mode=flow_per_pair_rate_mbps
77,70,67,500000,15631694486,,slot=15;src=70;dst=67;rate_mbps=2.4;flow_size_byte=500000;packet_lambda_per_s=None;packet_size_byte=1500;lambda_mode=flow_per_pair_rate_mbps
78,75,71,500000,15710344102,,slot=15;src=75;dst=71;rate_mbps=2.4;flow_size_byte=500000;packet_lambda_per_s=None;packet_size_byte=1500;lambda_mode=flow_per_pair_rate_mbps
79,70,67,500000,15831694486,,slot=15;src=70;dst=67;rate_mbps=2.4;flow_size_byte=500000;packet_lambda_per_s=None;packet_size_byte=1500;lambda_mode=flow_per_pair_rate_mbps
80,69,74,500000,15937603888,,slot=15;src=69;dst=74;rate_mbps=2.4;flow_size_byte=500000;packet_lambda_per_s=None;packet_size_byte=1500;lambda_mode=flow_per_pair_rate_mbps
81,73,66,500000,15995672809,,slot=15;src=73;dst=66;rate_mbps=2.4;flow_size_byte=500000;packet_lambda_per_s=None;packet_size_byte=1500;lambda_mode=flow_per_pair_rate_mbps
82,71,75,500000,16427669046,,slot=16;src=71;dst=75;rate_mbps=2.4;flow_size_byte=500000;packet_lambda_per_s=None;packet_size_byte=1500;lambda_mode=flow_per_pair_rate_mbps
83,75,71,500000,16468773519,,slot=16;src=75;dst=71;rate_mbps=2.4;flow_size_byte=500000;packet_lambda_per_s=None;packet_size_byte=1500;lambda_mode=flow_per_pair_rate_mbps
84,67,70,500000,16538560577,,slot=16;src=67;dst=70;rate_mbps=2.4;flow_size_byte=500000;packet_lambda_per_s=None;packet_size_byte=1500;lambda_mode=flow_per_pair_rate_mbps
85,68,72,500000,17130123979,,slot=17;src=68;dst=72;rate_mbps=2.4;flow_size_byte=500000;packet_lambda_per_s=None;packet_size_byte=1500;lambda_mode=flow_per_pair_rate_mbps
86,71,75,500000,17176903589,,slot=17;src=71;dst=75;rate_mbps=2.4;flow_size_byte=500000;packet_lambda_per_s=None;packet_size_byte=1500;lambda_mode=flow_per_pair_rate_mbps
87,67,70,500000,17275331284,,slot=17;src=67;dst=70;rate_mbps=2.4;flow_size_byte=500000;packet_lambda_per_s=None;packet_size_byte=1500;lambda_mode=flow_per_pair_rate_mbps
88,66,73,500000,17296155007,,slot=17;src=66;dst=73;rate_mbps=2.4;flow_size_byte=500000;packet_lambda_per_s=None;packet_size_byte=1500;lambda_mode=flow_per_pair_rate_mbps
89,69,74,500000,17705323517,,slot=17;src=69;dst=74;rate_mbps=2.4;flow_size_byte=500000;packet_lambda_per_s=None;packet_size_byte=1500;lambda_mode=flow_per_pair_rate_mbps
90,73,66,500000,17919866949,,slot=17;src=73;dst=66;rate_mbps=2.4;flow_size_byte=500000;packet_lambda_per_s=None;packet_size_byte=1500;lambda_mode=flow_per_pair_rate_mbps
91,70,67,500000,18141130923,,slot=18;src=70;dst=67;rate_mbps=2.4;flow_size_byte=500000;packet_lambda_per_s=None;packet_size_byte=1500;lambda_mode=flow_per_pair_rate_mbps
92,68,72,500000,18188514555,,slot=18;src=68;dst=72;rate_mbps=2.4;flow_size_byte=500000;packet_lambda_per_s=None;packet_size_byte=1500;lambda_mode=flow_per_pair_rate_mbps
93,74,69,500000,18461300263,,slot=18;src=74;dst=69;rate_mbps=2.4;flow_size_byte=500000;packet_lambda_per_s=None;packet_size_byte=1500;lambda_mode=flow_per_pair_rate_mbps
94,69,74,500000,18480813365,,slot=18;src=69;dst=74;rate_mbps=2.4;flow_size_byte=500000;packet_lambda_per_s=None;packet_size_byte=1500;lambda_mode=flow_per_pair_rate_mbps
95,66,73,500000,18482419412,,slot=18;src=66;dst=73;rate_mbps=2.4;flow_size_byte=500000;packet_lambda_per_s=None;packet_size_byte=1500;lambda_mode=flow_per_pair_rate_mbps
96,72,68,500000,18642956062,,slot=18;src=72;dst=68;rate_mbps=2.4;flow_size_byte=500000;packet_lambda_per_s=None;packet_size_byte=1500;lambda_mode=flow_per_pair_rate_mbps
97,71,75,500000,18778709546,,slot=18;src=71;dst=75;rate_mbps=2.4;flow_size_byte=500000;packet_lambda_per_s=None;packet_size_byte=1500;lambda_mode=flow_per_pair_rate_mbps
98,67,70,500000,18853215709,,slot=18;src=67;dst=70;rate_mbps=2.4;flow_size_byte=500000;packet_lambda_per_s=None;packet_size_byte=1500;lambda_mode=flow_per_pair_rate_mbps
99,75,71,500000,19023863664,,slot=19;src=75;dst=71;rate_mbps=2.4;flow_size_byte=500000;packet_lambda_per_s=None;packet_size_byte=1500;lambda_mode=flow_per_pair_rate_mbps
100,73,66,500000,19241547370,,slot=19;src=73;dst=66;rate_mbps=2.4;flow_size_byte=500000;packet_lambda_per_s=None;packet_size_byte=1500;lambda_mode=flow_per_pair_rate_mbps
101,74,69,500000,19352856700,,slot=19;src=74;dst=69;rate_mbps=2.4;flow_size_byte=500000;packet_lambda_per_s=None;packet_size_byte=1500;lambda_mode=flow_per_pair_rate_mbps
102,71,75,500000,19469205293,,slot=19;src=71;dst=75;rate_mbps=2.4;flow_size_byte=500000;packet_lambda_per_s=None;packet_size_byte=1500;lambda_mode=flow_per_pair_rate_mbps
103,73,66,500000,19587243406,,slot=19;src=73;dst=66;rate_mbps=2.4;flow_size_byte=500000;packet_lambda_per_s=None;packet_size_byte=1500;lambda_mode=flow_per_pair_rate_mbps
104,74,69,500000,19769310950,,slot=19;src=74;dst=69;rate_mbps=2.4;flow_size_byte=500000;packet_lambda_per_s=None;packet_size_byte=1500;lambda_mode=flow_per_pair_rate_mbps
105,72,68,500000,19770976268,,slot=19;src=72;dst=68;rate_mbps=2.4;flow_size_byte=500000;packet_lambda_per_s=None;packet_size_byte=1500;lambda_mode=flow_per_pair_rate_mbps
106,66,73,500000,19887909642,,slot=19;src=66;dst=73;rate_mbps=2.4;flow_size_byte=500000;packet_lambda_per_s=None;packet_size_byte=1500;lambda_mode=flow_per_pair_rate_mbps
107,74,69,500000,19969310950,,slot=19;src=74;dst=69;rate_mbps=2.4;flow_size_byte=500000;packet_lambda_per_s=None;packet_size_byte=1500;lambda_mode=flow_per_pair_rate_mbps
108,69,74,500000,20543278605,,slot=20;src=69;dst=74;rate_mbps=2.4;flow_size_byte=500000;packet_lambda_per_s=None;packet_size_byte=1500;lambda_mode=flow_per_pair_rate_mbps
109,73,66,500000,20727237141,,slot=20;src=73;dst=66;rate_mbps=2.4;flow_size_byte=500000;packet_lambda_per_s=None;packet_size_byte=1500;lambda_mode=flow_per_pair_rate_mbps
110,70,67,500000,20920427100,,slot=20;src=70;dst=67;rate_mbps=2.4;flow_size_byte=500000;packet_lambda_per_s=None;packet_size_byte=1500;lambda_mode=flow_per_pair_rate_mbps
111,70,67,500000,21120427100,,slot=20;src=70;dst=67;rate_mbps=2.4;flow_size_byte=500000;packet_lambda_per_s=None;packet_size_byte=1500;lambda_mode=flow_per_pair_rate_mbps
112,66,73,500000,21202378811,,slot=21;src=66;dst=73;rate_mbps=2.4;flow_size_byte=500000;packet_lambda_per_s=None;packet_size_byte=1500;lambda_mode=flow_per_pair_rate_mbps
113,73,66,500000,21294427424,,slot=21;src=73;dst=66;rate_mbps=2.4;flow_size_byte=500000;packet_lambda_per_s=None;packet_size_byte=1500;lambda_mode=flow_per_pair_rate_mbps
114,74,69,500000,21446313525,,slot=21;src=74;dst=69;rate_mbps=2.4;flow_size_byte=500000;packet_lambda_per_s=None;packet_size_byte=1500;lambda_mode=flow_per_pair_rate_mbps
115,67,70,500000,21583224993,,slot=21;src=67;dst=70;rate_mbps=2.4;flow_size_byte=500000;packet_lambda_per_s=None;packet_size_byte=1500;lambda_mode=flow_per_pair_rate_mbps
116,72,68,500000,21606604152,,slot=21;src=72;dst=68;rate_mbps=2.4;flow_size_byte=500000;packet_lambda_per_s=None;packet_size_byte=1500;lambda_mode=flow_per_pair_rate_mbps
117,70,67,500000,21648030718,,slot=21;src=70;dst=67;rate_mbps=2.4;flow_size_byte=500000;packet_lambda_per_s=None;packet_size_byte=1500;lambda_mode=flow_per_pair_rate_mbps
118,72,68,500000,21806604152,,slot=21;src=72;dst=68;rate_mbps=2.4;flow_size_byte=500000;packet_lambda_per_s=None;packet_size_byte=1500;lambda_mode=flow_per_pair_rate_mbps
119,69,74,500000,22053161579,,slot=22;src=69;dst=74;rate_mbps=2.4;flow_size_byte=500000;packet_lambda_per_s=None;packet_size_byte=1500;lambda_mode=flow_per_pair_rate_mbps
120,71,75,500000,22098728312,,slot=22;src=71;dst=75;rate_mbps=2.4;flow_size_byte=500000;packet_lambda_per_s=None;packet_size_byte=1500;lambda_mode=flow_per_pair_rate_mbps
121,68,72,500000,22227139055,,slot=22;src=68;dst=72;rate_mbps=2.4;flow_size_byte=500000;packet_lambda_per_s=None;packet_size_byte=1500;lambda_mode=flow_per_pair_rate_mbps
122,69,74,500000,22503057928,,slot=22;src=69;dst=74;rate_mbps=2.4;flow_size_byte=500000;packet_lambda_per_s=None;packet_size_byte=1500;lambda_mode=flow_per_pair_rate_mbps
123,66,73,500000,22592458797,,slot=22;src=66;dst=73;rate_mbps=2.4;flow_size_byte=500000;packet_lambda_per_s=None;packet_size_byte=1500;lambda_mode=flow_per_pair_rate_mbps
124,66,73,500000,22792458797,,slot=22;src=66;dst=73;rate_mbps=2.4;flow_size_byte=500000;packet_lambda_per_s=None;packet_size_byte=1500;lambda_mode=flow_per_pair_rate_mbps
125,73,66,500000,23001469004,,slot=23;src=73;dst=66;rate_mbps=2.4;flow_size_byte=500000;packet_lambda_per_s=None;packet_size_byte=1500;lambda_mode=flow_per_pair_rate_mbps
126,67,70,500000,23684768680,,slot=23;src=67;dst=70;rate_mbps=2.4;flow_size_byte=500000;packet_lambda_per_s=None;packet_size_byte=1500;lambda_mode=flow_per_pair_rate_mbps
127,72,68,500000,24020633847,,slot=24;src=72;dst=68;rate_mbps=2.4;flow_size_byte=500000;packet_lambda_per_s=None;packet_size_byte=1500;lambda_mode=flow_per_pair_rate_mbps
128,67,70,500000,24027439003,,slot=24;src=67;dst=70;rate_mbps=2.4;flow_size_byte=500000;packet_lambda_per_s=None;packet_size_byte=1500;lambda_mode=flow_per_pair_rate_mbps
129,67,70,500000,24227439003,,slot=24;src=67;dst=70;rate_mbps=2.4;flow_size_byte=500000;packet_lambda_per_s=None;packet_size_byte=1500;lambda_mode=flow_per_pair_rate_mbps
130,69,74,500000,24272096953,,slot=24;src=69;dst=74;rate_mbps=2.4;flow_size_byte=500000;packet_lambda_per_s=None;packet_size_byte=1500;lambda_mode=flow_per_pair_rate_mbps
131,73,66,500000,24557077692,,slot=24;src=73;dst=66;rate_mbps=2.4;flow_size_byte=500000;packet_lambda_per_s=None;packet_size_byte=1500;lambda_mode=flow_per_pair_rate_mbps
132,73,66,500000,24757077692,,slot=24;src=73;dst=66;rate_mbps=2.4;flow_size_byte=500000;packet_lambda_per_s=None;packet_size_byte=1500;lambda_mode=flow_per_pair_rate_mbps
133,67,70,500000,24863130722,,slot=24;src=67;dst=70;rate_mbps=2.4;flow_size_byte=500000;packet_lambda_per_s=None;packet_size_byte=1500;lambda_mode=flow_per_pair_rate_mbps
134,75,71,500000,24965584249,,slot=24;src=75;dst=71;rate_mbps=2.4;flow_size_byte=500000;packet_lambda_per_s=None;packet_size_byte=1500;lambda_mode=flow_per_pair_rate_mbps
135,71,75,500000,24987188611,,slot=24;src=71;dst=75;rate_mbps=2.4;flow_size_byte=500000;packet_lambda_per_s=None;packet_size_byte=1500;lambda_mode=flow_per_pair_rate_mbps
136,70,67,500000,25164062042,,slot=25;src=70;dst=67;rate_mbps=2.4;flow_size_byte=500000;packet_lambda_per_s=None;packet_size_byte=1500;lambda_mode=flow_per_pair_rate_mbps
137,66,73,500000,25491301026,,slot=25;src=66;dst=73;rate_mbps=2.4;flow_size_byte=500000;packet_lambda_per_s=None;packet_size_byte=1500;lambda_mode=flow_per_pair_rate_mbps
138,74,69,500000,25667338076,,slot=25;src=74;dst=69;rate_mbps=2.4;flow_size_byte=500000;packet_lambda_per_s=None;packet_size_byte=1500;lambda_mode=flow_per_pair_rate_mbps
139,74,69,500000,26110012525,,slot=26;src=74;dst=69;rate_mbps=2.4;flow_size_byte=500000;packet_lambda_per_s=None;packet_size_byte=1500;lambda_mode=flow_per_pair_rate_mbps
140,70,67,500000,26121546276,,slot=26;src=70;dst=67;rate_mbps=2.4;flow_size_byte=500000;packet_lambda_per_s=None;packet_size_byte=1500;lambda_mode=flow_per_pair_rate_mbps
141,67,70,500000,26562146210,,slot=26;src=67;dst=70;rate_mbps=2.4;flow_size_byte=500000;packet_lambda_per_s=None;packet_size_byte=1500;lambda_mode=flow_per_pair_rate_mbps
142,67,70,500000,26762146210,,slot=26;src=67;dst=70;rate_mbps=2.4;flow_size_byte=500000;packet_lambda_per_s=None;packet_size_byte=1500;lambda_mode=flow_per_pair_rate_mbps
143,71,75,500000,26833813108,,slot=26;src=71;dst=75;rate_mbps=2.4;flow_size_byte=500000;packet_lambda_per_s=None;packet_size_byte=1500;lambda_mode=flow_per_pair_rate_mbps
144,67,70,500000,26962146210,,slot=26;src=67;dst=70;rate_mbps=2.4;flow_size_byte=500000;packet_lambda_per_s=None;packet_size_byte=1500;lambda_mode=flow_per_pair_rate_mbps
145,67,70,500000,27545328155,,slot=27;src=67;dst=70;rate_mbps=2.4;flow_size_byte=500000;packet_lambda_per_s=None;packet_size_byte=1500;lambda_mode=flow_per_pair_rate_mbps
146,68,72,500000,27950728041,,slot=27;src=68;dst=72;rate_mbps=2.4;flow_size_byte=500000;packet_lambda_per_s=None;packet_size_byte=1500;lambda_mode=flow_per_pair_rate_mbps
147,66,73,500000,28056659661,,slot=28;src=66;dst=73;rate_mbps=2.4;flow_size_byte=500000;packet_lambda_per_s=None;packet_size_byte=1500;lambda_mode=flow_per_pair_rate_mbps
148,70,67,500000,28149216477,,slot=28;src=70;dst=67;rate_mbps=2.4;flow_size_byte=500000;packet_lambda_per_s=None;packet_size_byte=1500;lambda_mode=flow_per_pair_rate_mbps
149,72,68,500000,28321698216,,slot=28;src=72;dst=68;rate_mbps=2.4;flow_size_byte=500000;packet_lambda_per_s=None;packet_size_byte=1500;lambda_mode=flow_per_pair_rate_mbps
150,70,67,500000,28396196086,,slot=28;src=70;dst=67;rate_mbps=2.4;flow_size_byte=500000;packet_lambda_per_s=None;packet_size_byte=1500;lambda_mode=flow_per_pair_rate_mbps
151,68,72,500000,28462917073,,slot=28;src=68;dst=72;rate_mbps=2.4;flow_size_byte=500000;packet_lambda_per_s=None;packet_size_byte=1500;lambda_mode=flow_per_pair_rate_mbps
152,73,66,500000,29180534422,,slot=29;src=73;dst=66;rate_mbps=2.4;flow_size_byte=500000;packet_lambda_per_s=None;packet_size_byte=1500;lambda_mode=flow_per_pair_rate_mbps
153,74,69,500000,29273427674,,slot=29;src=74;dst=69;rate_mbps=2.4;flow_size_byte=500000;packet_lambda_per_s=None;packet_size_byte=1500;lambda_mode=flow_per_pair_rate_mbps
154,67,70,500000,29381510514,,slot=29;src=67;dst=70;rate_mbps=2.4;flow_size_byte=500000;packet_lambda_per_s=None;packet_size_byte=1500;lambda_mode=flow_per_pair_rate_mbps
155,66,73,500000,29588369445,,slot=29;src=66;dst=73;rate_mbps=2.4;flow_size_byte=500000;packet_lambda_per_s=None;packet_size_byte=1500;lambda_mode=flow_per_pair_rate_mbps
156,69,74,500000,29644098626,,slot=29;src=69;dst=74;rate_mbps=2.4;flow_size_byte=500000;packet_lambda_per_s=None;packet_size_byte=1500;lambda_mode=flow_per_pair_rate_mbps
157,68,72,500000,29741827623,,slot=29;src=68;dst=72;rate_mbps=2.4;flow_size_byte=500000;packet_lambda_per_s=None;packet_size_byte=1500;lambda_mode=flow_per_pair_rate_mbps
158,66,73,500000,30283161138,,slot=30;src=66;dst=73;rate_mbps=2.4;flow_size_byte=500000;packet_lambda_per_s=None;packet_size_byte=1500;lambda_mode=flow_per_pair_rate_mbps
159,74,69,500000,30295545371,,slot=30;src=74;dst=69;rate_mbps=2.4;flow_size_byte=500000;packet_lambda_per_s=None;packet_size_byte=1500;lambda_mode=flow_per_pair_rate_mbps
160,71,75,500000,30395584899,,slot=30;src=71;dst=75;rate_mbps=2.4;flow_size_byte=500000;packet_lambda_per_s=None;packet_size_byte=1500;lambda_mode=flow_per_pair_rate_mbps
161,74,69,500000,30606839790,,slot=30;src=74;dst=69;rate_mbps=2.4;flow_size_byte=500000;packet_lambda_per_s=None;packet_size_byte=1500;lambda_mode=flow_per_pair_rate_mbps
162,67,70,500000,30669611895,,slot=30;src=67;dst=70;rate_mbps=2.4;flow_size_byte=500000;packet_lambda_per_s=None;packet_size_byte=1500;lambda_mode=flow_per_pair_rate_mbps
163,66,73,500000,30949500014,,slot=30;src=66;dst=73;rate_mbps=2.4;flow_size_byte=500000;packet_lambda_per_s=None;packet_size_byte=1500;lambda_mode=flow_per_pair_rate_mbps
164,70,67,500000,30966220017,,slot=30;src=70;dst=67;rate_mbps=2.4;flow_size_byte=500000;packet_lambda_per_s=None;packet_size_byte=1500;lambda_mode=flow_per_pair_rate_mbps
165,74,69,500000,31169803694,,slot=31;src=74;dst=69;rate_mbps=2.4;flow_size_byte=500000;packet_lambda_per_s=None;packet_size_byte=1500;lambda_mode=flow_per_pair_rate_mbps
166,68,72,500000,31388260768,,slot=31;src=68;dst=72;rate_mbps=2.4;flow_size_byte=500000;packet_lambda_per_s=None;packet_size_byte=1500;lambda_mode=flow_per_pair_rate_mbps
167,66,73,500000,31428988129,,slot=31;src=66;dst=73;rate_mbps=2.4;flow_size_byte=500000;packet_lambda_per_s=None;packet_size_byte=1500;lambda_mode=flow_per_pair_rate_mbps
168,68,72,500000,31588260768,,slot=31;src=68;dst=72;rate_mbps=2.4;flow_size_byte=500000;packet_lambda_per_s=None;packet_size_byte=1500;lambda_mode=flow_per_pair_rate_mbps
169,72,68,500000,31670160576,,slot=31;src=72;dst=68;rate_mbps=2.4;flow_size_byte=500000;packet_lambda_per_s=None;packet_size_byte=1500;lambda_mode=flow_per_pair_rate_mbps
170,69,74,500000,32040356560,,slot=32;src=69;dst=74;rate_mbps=2.4;flow_size_byte=500000;packet_lambda_per_s=None;packet_size_byte=1500;lambda_mode=flow_per_pair_rate_mbps
171,72,68,500000,32207414679,,slot=32;src=72;dst=68;rate_mbps=2.4;flow_size_byte=500000;packet_lambda_per_s=None;packet_size_byte=1500;lambda_mode=flow_per_pair_rate_mbps
172,66,73,500000,32261382274,,slot=32;src=66;dst=73;rate_mbps=2.4;flow_size_byte=500000;packet_lambda_per_s=None;packet_size_byte=1500;lambda_mode=flow_per_pair_rate_mbps
173,68,72,500000,32494923051,,slot=32;src=68;dst=72;rate_mbps=2.4;flow_size_byte=500000;packet_lambda_per_s=None;packet_size_byte=1500;lambda_mode=flow_per_pair_rate_mbps
174,73,66,500000,32767738119,,slot=32;src=73;dst=66;rate_mbps=2.4;flow_size_byte=500000;packet_lambda_per_s=None;packet_size_byte=1500;lambda_mode=flow_per_pair_rate_mbps
175,69,74,500000,32899726127,,slot=32;src=69;dst=74;rate_mbps=2.4;flow_size_byte=500000;packet_lambda_per_s=None;packet_size_byte=1500;lambda_mode=flow_per_pair_rate_mbps
176,66,73,500000,33127303767,,slot=33;src=66;dst=73;rate_mbps=2.4;flow_size_byte=500000;packet_lambda_per_s=None;packet_size_byte=1500;lambda_mode=flow_per_pair_rate_mbps
177,69,74,500000,33212782422,,slot=33;src=69;dst=74;rate_mbps=2.4;flow_size_byte=500000;packet_lambda_per_s=None;packet_size_byte=1500;lambda_mode=flow_per_pair_rate_mbps
178,73,66,500000,33279528701,,slot=33;src=73;dst=66;rate_mbps=2.4;flow_size_byte=500000;packet_lambda_per_s=None;packet_size_byte=1500;lambda_mode=flow_per_pair_rate_mbps
179,70,67,500000,33289552718,,slot=33;src=70;dst=67;rate_mbps=2.4;flow_size_byte=500000;packet_lambda_per_s=None;packet_size_byte=1500;lambda_mode=flow_per_pair_rate_mbps
180,74,69,500000,33481064909,,slot=33;src=74;dst=69;rate_mbps=2.4;flow_size_byte=500000;packet_lambda_per_s=None;packet_size_byte=1500;lambda_mode=flow_per_pair_rate_mbps
181,70,67,500000,33489552718,,slot=33;src=70;dst=67;rate_mbps=2.4;flow_size_byte=500000;packet_lambda_per_s=None;packet_size_byte=1500;lambda_mode=flow_per_pair_rate_mbps
182,73,66,500000,33608420302,,slot=33;src=73;dst=66;rate_mbps=2.4;flow_size_byte=500000;packet_lambda_per_s=None;packet_size_byte=1500;lambda_mode=flow_per_pair_rate_mbps
183,71,75,500000,33747584480,,slot=33;src=71;dst=75;rate_mbps=2.4;flow_size_byte=500000;packet_lambda_per_s=None;packet_size_byte=1500;lambda_mode=flow_per_pair_rate_mbps
184,71,75,500000,33947584480,,slot=33;src=71;dst=75;rate_mbps=2.4;flow_size_byte=500000;packet_lambda_per_s=None;packet_size_byte=1500;lambda_mode=flow_per_pair_rate_mbps
185,66,73,500000,33988834619,,slot=33;src=66;dst=73;rate_mbps=2.4;flow_size_byte=500000;packet_lambda_per_s=None;packet_size_byte=1500;lambda_mode=flow_per_pair_rate_mbps
186,69,74,500000,34185223726,,slot=34;src=69;dst=74;rate_mbps=2.4;flow_size_byte=500000;packet_lambda_per_s=None;packet_size_byte=1500;lambda_mode=flow_per_pair_rate_mbps
187,67,70,500000,34576715319,,slot=34;src=67;dst=70;rate_mbps=2.4;flow_size_byte=500000;packet_lambda_per_s=None;packet_size_byte=1500;lambda_mode=flow_per_pair_rate_mbps
188,74,69,500000,34646924449,,slot=34;src=74;dst=69;rate_mbps=2.4;flow_size_byte=500000;packet_lambda_per_s=None;packet_size_byte=1500;lambda_mode=flow_per_pair_rate_mbps
189,67,70,500000,34935215466,,slot=34;src=67;dst=70;rate_mbps=2.4;flow_size_byte=500000;packet_lambda_per_s=None;packet_size_byte=1500;lambda_mode=flow_per_pair_rate_mbps
190,74,69,500000,35563989373,,slot=35;src=74;dst=69;rate_mbps=2.4;flow_size_byte=500000;packet_lambda_per_s=None;packet_size_byte=1500;lambda_mode=flow_per_pair_rate_mbps
191,73,66,500000,35697063686,,slot=35;src=73;dst=66;rate_mbps=2.4;flow_size_byte=500000;packet_lambda_per_s=None;packet_size_byte=1500;lambda_mode=flow_per_pair_rate_mbps
192,70,67,500000,36167478488,,slot=36;src=70;dst=67;rate_mbps=2.4;flow_size_byte=500000;packet_lambda_per_s=None;packet_size_byte=1500;lambda_mode=flow_per_pair_rate_mbps
193,74,69,500000,36489012678,,slot=36;src=74;dst=69;rate_mbps=2.4;flow_size_byte=500000;packet_lambda_per_s=None;packet_size_byte=1500;lambda_mode=flow_per_pair_rate_mbps
194,69,74,500000,36535176021,,slot=36;src=69;dst=74;rate_mbps=2.4;flow_size_byte=500000;packet_lambda_per_s=None;packet_size_byte=1500;lambda_mode=flow_per_pair_rate_mbps
195,75,71,500000,36541598132,,slot=36;src=75;dst=71;rate_mbps=2.4;flow_size_byte=500000;packet_lambda_per_s=None;packet_size_byte=1500;lambda_mode=flow_per_pair_rate_mbps
196,70,67,500000,36610067938,,slot=36;src=70;dst=67;rate_mbps=2.4;flow_size_byte=500000;packet_lambda_per_s=None;packet_size_byte=1500;lambda_mode=flow_per_pair_rate_mbps
197,73,66,500000,36708302251,,slot=36;src=73;dst=66;rate_mbps=2.4;flow_size_byte=500000;packet_lambda_per_s=None;packet_size_byte=1500;lambda_mode=flow_per_pair_rate_mbps
198,66,73,500000,36766049354,,slot=36;src=66;dst=73;rate_mbps=2.4;flow_size_byte=500000;packet_lambda_per_s=None;packet_size_byte=1500;lambda_mode=flow_per_pair_rate_mbps
199,73,66,500000,37402111137,,slot=37;src=73;dst=66;rate_mbps=2.4;flow_size_byte=500000;packet_lambda_per_s=None;packet_size_byte=1500;lambda_mode=flow_per_pair_rate_mbps
200,74,69,500000,37466392016,,slot=37;src=74;dst=69;rate_mbps=2.4;flow_size_byte=500000;packet_lambda_per_s=None;packet_size_byte=1500;lambda_mode=flow_per_pair_rate_mbps
201,68,72,500000,37758678597,,slot=37;src=68;dst=72;rate_mbps=2.4;flow_size_byte=500000;packet_lambda_per_s=None;packet_size_byte=1500;lambda_mode=flow_per_pair_rate_mbps
202,73,66,500000,37847749223,,slot=37;src=73;dst=66;rate_mbps=2.4;flow_size_byte=500000;packet_lambda_per_s=None;packet_size_byte=1500;lambda_mode=flow_per_pair_rate_mbps
203,72,68,500000,37980919227,,slot=37;src=72;dst=68;rate_mbps=2.4;flow_size_byte=500000;packet_lambda_per_s=None;packet_size_byte=1500;lambda_mode=flow_per_pair_rate_mbps
204,70,67,500000,37986217955,,slot=37;src=70;dst=67;rate_mbps=2.4;flow_size_byte=500000;packet_lambda_per_s=None;packet_size_byte=1500;lambda_mode=flow_per_pair_rate_mbps
205,73,66,500000,38599518160,,slot=38;src=73;dst=66;rate_mbps=2.4;flow_size_byte=500000;packet_lambda_per_s=None;packet_size_byte=1500;lambda_mode=flow_per_pair_rate_mbps
206,66,73,500000,38973075909,,slot=38;src=66;dst=73;rate_mbps=2.4;flow_size_byte=500000;packet_lambda_per_s=None;packet_size_byte=1500;lambda_mode=flow_per_pair_rate_mbps
207,67,70,500000,38976088852,,slot=38;src=67;dst=70;rate_mbps=2.4;flow_size_byte=500000;packet_lambda_per_s=None;packet_size_byte=1500;lambda_mode=flow_per_pair_rate_mbps
208,73,66,500000,39012709187,,slot=39;src=73;dst=66;rate_mbps=2.4;flow_size_byte=500000;packet_lambda_per_s=None;packet_size_byte=1500;lambda_mode=flow_per_pair_rate_mbps
209,73,66,500000,39463616379,,slot=39;src=73;dst=66;rate_mbps=2.4;flow_size_byte=500000;packet_lambda_per_s=None;packet_size_byte=1500;lambda_mode=flow_per_pair_rate_mbps
210,75,71,500000,39550158219,,slot=39;src=75;dst=71;rate_mbps=2.4;flow_size_byte=500000;packet_lambda_per_s=None;packet_size_byte=1500;lambda_mode=flow_per_pair_rate_mbps
211,69,74,500000,39662037590,,slot=39;src=69;dst=74;rate_mbps=2.4;flow_size_byte=500000;packet_lambda_per_s=None;packet_size_byte=1500;lambda_mode=flow_per_pair_rate_mbps
212,67,70,500000,39712822362,,slot=39;src=67;dst=70;rate_mbps=2.4;flow_size_byte=500000;packet_lambda_per_s=None;packet_size_byte=1500;lambda_mode=flow_per_pair_rate_mbps
213,68,72,500000,39743656680,,slot=39;src=68;dst=72;rate_mbps=2.4;flow_size_byte=500000;packet_lambda_per_s=None;packet_size_byte=1500;lambda_mode=flow_per_pair_rate_mbps
214,71,75,500000,39759797169,,slot=39;src=71;dst=75;rate_mbps=2.4;flow_size_byte=500000;packet_lambda_per_s=None;packet_size_byte=1500;lambda_mode=flow_per_pair_rate_mbps
215,66,73,500000,39800281016,,slot=39;src=66;dst=73;rate_mbps=2.4;flow_size_byte=500000;packet_lambda_per_s=None;packet_size_byte=1500;lambda_mode=flow_per_pair_rate_mbps
216,73,66,500000,39930638961,,slot=39;src=73;dst=66;rate_mbps=2.4;flow_size_byte=500000;packet_lambda_per_s=None;packet_size_byte=1500;lambda_mode=flow_per_pair_rate_mbps
217,69,74,500000,40187358202,,slot=40;src=69;dst=74;rate_mbps=2.4;flow_size_byte=500000;packet_lambda_per_s=None;packet_size_byte=1500;lambda_mode=flow_per_pair_rate_mbps
218,70,67,500000,40219511201,,slot=40;src=70;dst=67;rate_mbps=2.4;flow_size_byte=500000;packet_lambda_per_s=None;packet_size_byte=1500;lambda_mode=flow_per_pair_rate_mbps
219,66,73,500000,41247800231,,slot=41;src=66;dst=73;rate_mbps=2.4;flow_size_byte=500000;packet_lambda_per_s=None;packet_size_byte=1500;lambda_mode=flow_per_pair_rate_mbps
220,69,74,500000,41274195435,,slot=41;src=69;dst=74;rate_mbps=2.4;flow_size_byte=500000;packet_lambda_per_s=None;packet_size_byte=1500;lambda_mode=flow_per_pair_rate_mbps
221,75,71,500000,41364885276,,slot=41;src=75;dst=71;rate_mbps=2.4;flow_size_byte=500000;packet_lambda_per_s=None;packet_size_byte=1500;lambda_mode=flow_per_pair_rate_mbps
222,73,66,500000,41442709015,,slot=41;src=73;dst=66;rate_mbps=2.4;flow_size_byte=500000;packet_lambda_per_s=None;packet_size_byte=1500;lambda_mode=flow_per_pair_rate_mbps
223,66,73,500000,41447800231,,slot=41;src=66;dst=73;rate_mbps=2.4;flow_size_byte=500000;packet_lambda_per_s=None;packet_size_byte=1500;lambda_mode=flow_per_pair_rate_mbps
224,73,66,500000,41642709015,,slot=41;src=73;dst=66;rate_mbps=2.4;flow_size_byte=500000;packet_lambda_per_s=None;packet_size_byte=1500;lambda_mode=flow_per_pair_rate_mbps
225,75,71,500000,41713827492,,slot=41;src=75;dst=71;rate_mbps=2.4;flow_size_byte=500000;packet_lambda_per_s=None;packet_size_byte=1500;lambda_mode=flow_per_pair_rate_mbps
226,67,70,500000,41756797310,,slot=41;src=67;dst=70;rate_mbps=2.4;flow_size_byte=500000;packet_lambda_per_s=None;packet_size_byte=1500;lambda_mode=flow_per_pair_rate_mbps
227,75,71,500000,42028130351,,slot=42;src=75;dst=71;rate_mbps=2.4;flow_size_byte=500000;packet_lambda_per_s=None;packet_size_byte=1500;lambda_mode=flow_per_pair_rate_mbps
228,74,69,500000,42035728409,,slot=42;src=74;dst=69;rate_mbps=2.4;flow_size_byte=500000;packet_lambda_per_s=None;packet_size_byte=1500;lambda_mode=flow_per_pair_rate_mbps
229,71,75,500000,42163958263,,slot=42;src=71;dst=75;rate_mbps=2.4;flow_size_byte=500000;packet_lambda_per_s=None;packet_size_byte=1500;lambda_mode=flow_per_pair_rate_mbps
230,71,75,500000,42363958263,,slot=42;src=71;dst=75;rate_mbps=2.4;flow_size_byte=500000;packet_lambda_per_s=None;packet_size_byte=1500;lambda_mode=flow_per_pair_rate_mbps
231,66,73,500000,42538827858,,slot=42;src=66;dst=73;rate_mbps=2.4;flow_size_byte=500000;packet_lambda_per_s=None;packet_size_byte=1500;lambda_mode=flow_per_pair_rate_mbps
232,71,75,500000,42563958263,,slot=42;src=71;dst=75;rate_mbps=2.4;flow_size_byte=500000;packet_lambda_per_s=None;packet_size_byte=1500;lambda_mode=flow_per_pair_rate_mbps
233,75,71,500000,42643494672,,slot=42;src=75;dst=71;rate_mbps=2.4;flow_size_byte=500000;packet_lambda_per_s=None;packet_size_byte=1500;lambda_mode=flow_per_pair_rate_mbps
234,69,74,500000,42645957942,,slot=42;src=69;dst=74;rate_mbps=2.4;flow_size_byte=500000;packet_lambda_per_s=None;packet_size_byte=1500;lambda_mode=flow_per_pair_rate_mbps
235,67,70,500000,42870309048,,slot=42;src=67;dst=70;rate_mbps=2.4;flow_size_byte=500000;packet_lambda_per_s=None;packet_size_byte=1500;lambda_mode=flow_per_pair_rate_mbps
236,68,72,500000,42926845704,,slot=42;src=68;dst=72;rate_mbps=2.4;flow_size_byte=500000;packet_lambda_per_s=None;packet_size_byte=1500;lambda_mode=flow_per_pair_rate_mbps
237,75,71,500000,42992390159,,slot=42;src=75;dst=71;rate_mbps=2.4;flow_size_byte=500000;packet_lambda_per_s=None;packet_size_byte=1500;lambda_mode=flow_per_pair_rate_mbps
238,74,69,500000,43102150029,,slot=43;src=74;dst=69;rate_mbps=2.4;flow_size_byte=500000;packet_lambda_per_s=None;packet_size_byte=1500;lambda_mode=flow_per_pair_rate_mbps
239,71,75,500000,43206257954,,slot=43;src=71;dst=75;rate_mbps=2.4;flow_size_byte=500000;packet_lambda_per_s=None;packet_size_byte=1500;lambda_mode=flow_per_pair_rate_mbps
240,68,72,500000,43465894130,,slot=43;src=68;dst=72;rate_mbps=2.4;flow_size_byte=500000;packet_lambda_per_s=None;packet_size_byte=1500;lambda_mode=flow_per_pair_rate_mbps
241,69,74,500000,43863972116,,slot=43;src=69;dst=74;rate_mbps=2.4;flow_size_byte=500000;packet_lambda_per_s=None;packet_size_byte=1500;lambda_mode=flow_per_pair_rate_mbps
242,73,66,500000,44002527176,,slot=44;src=73;dst=66;rate_mbps=2.4;flow_size_byte=500000;packet_lambda_per_s=None;packet_size_byte=1500;lambda_mode=flow_per_pair_rate_mbps
243,71,75,500000,44155879360,,slot=44;src=71;dst=75;rate_mbps=2.4;flow_size_byte=500000;packet_lambda_per_s=None;packet_size_byte=1500;lambda_mode=flow_per_pair_rate_mbps
244,70,67,500000,44524066604,,slot=44;src=70;dst=67;rate_mbps=2.4;flow_size_byte=500000;packet_lambda_per_s=None;packet_size_byte=1500;lambda_mode=flow_per_pair_rate_mbps
245,69,74,500000,44614078516,,slot=44;src=69;dst=74;rate_mbps=2.4;flow_size_byte=500000;packet_lambda_per_s=None;packet_size_byte=1500;lambda_mode=flow_per_pair_rate_mbps
246,75,71,500000,44882921401,,slot=44;src=75;dst=71;rate_mbps=2.4;flow_size_byte=500000;packet_lambda_per_s=None;packet_size_byte=1500;lambda_mode=flow_per_pair_rate_mbps
247,67,70,500000,44887166736,,slot=44;src=67;dst=70;rate_mbps=2.4;flow_size_byte=500000;packet_lambda_per_s=None;packet_size_byte=1500;lambda_mode=flow_per_pair_rate_mbps
248,72,68,500000,44955092608,,slot=44;src=72;dst=68;rate_mbps=2.4;flow_size_byte=500000;packet_lambda_per_s=None;packet_size_byte=1500;lambda_mode=flow_per_pair_rate_mbps
249,74,69,500000,45016854107,,slot=45;src=74;dst=69;rate_mbps=2.4;flow_size_byte=500000;packet_lambda_per_s=None;packet_size_byte=1500;lambda_mode=flow_per_pair_rate_mbps
250,69,74,500000,45057282554,,slot=45;src=69;dst=74;rate_mbps=2.4;flow_size_byte=500000;packet_lambda_per_s=None;packet_size_byte=1500;lambda_mode=flow_per_pair_rate_mbps
251,68,72,500000,45191883983,,slot=45;src=68;dst=72;rate_mbps=2.4;flow_size_byte=500000;packet_lambda_per_s=None;packet_size_byte=1500;lambda_mode=flow_per_pair_rate_mbps
252,69,74,500000,45257282554,,slot=45;src=69;dst=74;rate_mbps=2.4;flow_size_byte=500000;packet_lambda_per_s=None;packet_size_byte=1500;lambda_mode=flow_per_pair_rate_mbps
253,67,70,500000,45329700689,,slot=45;src=67;dst=70;rate_mbps=2.4;flow_size_byte=500000;packet_lambda_per_s=None;packet_size_byte=1500;lambda_mode=flow_per_pair_rate_mbps
254,70,67,500000,45399393361,,slot=45;src=70;dst=67;rate_mbps=2.4;flow_size_byte=500000;packet_lambda_per_s=None;packet_size_byte=1500;lambda_mode=flow_per_pair_rate_mbps
255,75,71,500000,45580334910,,slot=45;src=75;dst=71;rate_mbps=2.4;flow_size_byte=500000;packet_lambda_per_s=None;packet_size_byte=1500;lambda_mode=flow_per_pair_rate_mbps
256,66,73,500000,45824563949,,slot=45;src=66;dst=73;rate_mbps=2.4;flow_size_byte=500000;packet_lambda_per_s=None;packet_size_byte=1500;lambda_mode=flow_per_pair_rate_mbps
257,66,73,500000,46082518971,,slot=46;src=66;dst=73;rate_mbps=2.4;flow_size_byte=500000;packet_lambda_per_s=None;packet_size_byte=1500;lambda_mode=flow_per_pair_rate_mbps
258,72,68,500000,46204514646,,slot=46;src=72;dst=68;rate_mbps=2.4;flow_size_byte=500000;packet_lambda_per_s=None;packet_size_byte=1500;lambda_mode=flow_per_pair_rate_mbps
259,71,75,500000,46269616682,,slot=46;src=71;dst=75;rate_mbps=2.4;flow_size_byte=500000;packet_lambda_per_s=None;packet_size_byte=1500;lambda_mode=flow_per_pair_rate_mbps
260,70,67,500000,46285324307,,slot=46;src=70;dst=67;rate_mbps=2.4;flow_size_byte=500000;packet_lambda_per_s=None;packet_size_byte=1500;lambda_mode=flow_per_pair_rate_mbps
261,71,75,500000,46469616682,,slot=46;src=71;dst=75;rate_mbps=2.4;flow_size_byte=500000;packet_lambda_per_s=None;packet_size_byte=1500;lambda_mode=flow_per_pair_rate_mbps
262,72,68,500000,46647106035,,slot=46;src=72;dst=68;rate_mbps=2.4;flow_size_byte=500000;packet_lambda_per_s=None;packet_size_byte=1500;lambda_mode=flow_per_pair_rate_mbps
263,69,74,500000,46745588406,,slot=46;src=69;dst=74;rate_mbps=2.4;flow_size_byte=500000;packet_lambda_per_s=None;packet_size_byte=1500;lambda_mode=flow_per_pair_rate_mbps
264,67,70,500000,46819469620,,slot=46;src=67;dst=70;rate_mbps=2.4;flow_size_byte=500000;packet_lambda_per_s=None;packet_size_byte=1500;lambda_mode=flow_per_pair_rate_mbps
265,68,72,500000,46956466878,,slot=46;src=68;dst=72;rate_mbps=2.4;flow_size_byte=500000;packet_lambda_per_s=None;packet_size_byte=1500;lambda_mode=flow_per_pair_rate_mbps
266,66,73,500000,46997013977,,slot=46;src=66;dst=73;rate_mbps=2.4;flow_size_byte=500000;packet_lambda_per_s=None;packet_size_byte=1500;lambda_mode=flow_per_pair_rate_mbps
267,67,70,500000,47373762122,,slot=47;src=67;dst=70;rate_mbps=2.4;flow_size_byte=500000;packet_lambda_per_s=None;packet_size_byte=1500;lambda_mode=flow_per_pair_rate_mbps
268,68,72,500000,47663129002,,slot=47;src=68;dst=72;rate_mbps=2.4;flow_size_byte=500000;packet_lambda_per_s=None;packet_size_byte=1500;lambda_mode=flow_per_pair_rate_mbps
269,66,73,500000,47689726305,,slot=47;src=66;dst=73;rate_mbps=2.4;flow_size_byte=500000;packet_lambda_per_s=None;packet_size_byte=1500;lambda_mode=flow_per_pair_rate_mbps
270,71,75,500000,47758665106,,slot=47;src=71;dst=75;rate_mbps=2.4;flow_size_byte=500000;packet_lambda_per_s=None;packet_size_byte=1500;lambda_mode=flow_per_pair_rate_mbps
271,75,71,500000,47870770607,,slot=47;src=75;dst=71;rate_mbps=2.4;flow_size_byte=500000;packet_lambda_per_s=None;packet_size_byte=1500;lambda_mode=flow_per_pair_rate_mbps
272,69,74,500000,48049793043,,slot=48;src=69;dst=74;rate_mbps=2.4;flow_size_byte=500000;packet_lambda_per_s=None;packet_size_byte=1500;lambda_mode=flow_per_pair_rate_mbps
273,67,70,500000,48074125859,,slot=48;src=67;dst=70;rate_mbps=2.4;flow_size_byte=500000;packet_lambda_per_s=None;packet_size_byte=1500;lambda_mode=flow_per_pair_rate_mbps
274,72,68,500000,48182247075,,slot=48;src=72;dst=68;rate_mbps=2.4;flow_size_byte=500000;packet_lambda_per_s=None;packet_size_byte=1500;lambda_mode=flow_per_pair_rate_mbps
275,74,69,500000,48257208266,,slot=48;src=74;dst=69;rate_mbps=2.4;flow_size_byte=500000;packet_lambda_per_s=None;packet_size_byte=1500;lambda_mode=flow_per_pair_rate_mbps
276,67,70,500000,48274125859,,slot=48;src=67;dst=70;rate_mbps=2.4;flow_size_byte=500000;packet_lambda_per_s=None;packet_size_byte=1500;lambda_mode=flow_per_pair_rate_mbps
277,71,75,500000,48670478169,,slot=48;src=71;dst=75;rate_mbps=2.4;flow_size_byte=500000;packet_lambda_per_s=None;packet_size_byte=1500;lambda_mode=flow_per_pair_rate_mbps
278,69,74,500000,48737854087,,slot=48;src=69;dst=74;rate_mbps=2.4;flow_size_byte=500000;packet_lambda_per_s=None;packet_size_byte=1500;lambda_mode=flow_per_pair_rate_mbps
279,74,69,500000,48828140393,,slot=48;src=74;dst=69;rate_mbps=2.4;flow_size_byte=500000;packet_lambda_per_s=None;packet_size_byte=1500;lambda_mode=flow_per_pair_rate_mbps
280,66,73,500000,48887925067,,slot=48;src=66;dst=73;rate_mbps=2.4;flow_size_byte=500000;packet_lambda_per_s=None;packet_size_byte=1500;lambda_mode=flow_per_pair_rate_mbps
281,70,67,500000,48993079544,,slot=48;src=70;dst=67;rate_mbps=2.4;flow_size_byte=500000;packet_lambda_per_s=None;packet_size_byte=1500;lambda_mode=flow_per_pair_rate_mbps
282,73,66,500000,49170238711,,slot=49;src=73;dst=66;rate_mbps=2.4;flow_size_byte=500000;packet_lambda_per_s=None;packet_size_byte=1500;lambda_mode=flow_per_pair_rate_mbps
283,69,74,500000,49453520033,,slot=49;src=69;dst=74;rate_mbps=2.4;flow_size_byte=500000;packet_lambda_per_s=None;packet_size_byte=1500;lambda_mode=flow_per_pair_rate_mbps
284,75,71,500000,50096466381,,slot=50;src=75;dst=71;rate_mbps=2.4;flow_size_byte=500000;packet_lambda_per_s=None;packet_size_byte=1500;lambda_mode=flow_per_pair_rate_mbps
285,67,70,500000,50332167311,,slot=50;src=67;dst=70;rate_mbps=2.4;flow_size_byte=500000;packet_lambda_per_s=None;packet_size_byte=1500;lambda_mode=flow_per_pair_rate_mbps
286,75,71,500000,50518357294,,slot=50;src=75;dst=71;rate_mbps=2.4;flow_size_byte=500000;packet_lambda_per_s=None;packet_size_byte=1500;lambda_mode=flow_per_pair_rate_mbps
287,70,67,500000,50669296882,,slot=50;src=70;dst=67;rate_mbps=2.4;flow_size_byte=500000;packet_lambda_per_s=None;packet_size_byte=1500;lambda_mode=flow_per_pair_rate_mbps
288,75,71,500000,50718357294,,slot=50;src=75;dst=71;rate_mbps=2.4;flow_size_byte=500000;packet_lambda_per_s=None;packet_size_byte=1500;lambda_mode=flow_per_pair_rate_mbps
289,75,71,500000,50918357294,,slot=50;src=75;dst=71;rate_mbps=2.4;flow_size_byte=500000;packet_lambda_per_s=None;packet_size_byte=1500;lambda_mode=flow_per_pair_rate_mbps
290,74,69,500000,51101887202,,slot=51;src=74;dst=69;rate_mbps=2.4;flow_size_byte=500000;packet_lambda_per_s=None;packet_size_byte=1500;lambda_mode=flow_per_pair_rate_mbps
291,71,75,500000,51903713339,,slot=51;src=71;dst=75;rate_mbps=2.4;flow_size_byte=500000;packet_lambda_per_s=None;packet_size_byte=1500;lambda_mode=flow_per_pair_rate_mbps
292,69,74,500000,52107275388,,slot=52;src=69;dst=74;rate_mbps=2.4;flow_size_byte=500000;packet_lambda_per_s=None;packet_size_byte=1500;lambda_mode=flow_per_pair_rate_mbps
293,71,75,500000,52280134301,,slot=52;src=71;dst=75;rate_mbps=2.4;flow_size_byte=500000;packet_lambda_per_s=None;packet_size_byte=1500;lambda_mode=flow_per_pair_rate_mbps
294,73,66,500000,52303188764,,slot=52;src=73;dst=66;rate_mbps=2.4;flow_size_byte=500000;packet_lambda_per_s=None;packet_size_byte=1500;lambda_mode=flow_per_pair_rate_mbps
295,73,66,500000,52605421647,,slot=52;src=73;dst=66;rate_mbps=2.4;flow_size_byte=500000;packet_lambda_per_s=None;packet_size_byte=1500;lambda_mode=flow_per_pair_rate_mbps
296,68,72,500000,52762337812,,slot=52;src=68;dst=72;rate_mbps=2.4;flow_size_byte=500000;packet_lambda_per_s=None;packet_size_byte=1500;lambda_mode=flow_per_pair_rate_mbps
297,75,71,500000,52919025699,,slot=52;src=75;dst=71;rate_mbps=2.4;flow_size_byte=500000;packet_lambda_per_s=None;packet_size_byte=1500;lambda_mode=flow_per_pair_rate_mbps
298,70,67,500000,53087504693,,slot=53;src=70;dst=67;rate_mbps=2.4;flow_size_byte=500000;packet_lambda_per_s=None;packet_size_byte=1500;lambda_mode=flow_per_pair_rate_mbps
299,73,66,500000,53485030736,,slot=53;src=73;dst=66;rate_mbps=2.4;flow_size_byte=500000;packet_lambda_per_s=None;packet_size_byte=1500;lambda_mode=flow_per_pair_rate_mbps
300,69,74,500000,53583377536,,slot=53;src=69;dst=74;rate_mbps=2.4;flow_size_byte=500000;packet_lambda_per_s=None;packet_size_byte=1500;lambda_mode=flow_per_pair_rate_mbps
301,67,70,500000,53610754691,,slot=53;src=67;dst=70;rate_mbps=2.4;flow_size_byte=500000;packet_lambda_per_s=None;packet_size_byte=1500;lambda_mode=flow_per_pair_rate_mbps
302,74,69,500000,53624120392,,slot=53;src=74;dst=69;rate_mbps=2.4;flow_size_byte=500000;packet_lambda_per_s=None;packet_size_byte=1500;lambda_mode=flow_per_pair_rate_mbps
303,69,74,500000,53913410027,,slot=53;src=69;dst=74;rate_mbps=2.4;flow_size_byte=500000;packet_lambda_per_s=None;packet_size_byte=1500;lambda_mode=flow_per_pair_rate_mbps
304,74,69,500000,54148496596,,slot=54;src=74;dst=69;rate_mbps=2.4;flow_size_byte=500000;packet_lambda_per_s=None;packet_size_byte=1500;lambda_mode=flow_per_pair_rate_mbps
305,75,71,500000,54192845634,,slot=54;src=75;dst=71;rate_mbps=2.4;flow_size_byte=500000;packet_lambda_per_s=None;packet_size_byte=1500;lambda_mode=flow_per_pair_rate_mbps
306,69,74,500000,54264392583,,slot=54;src=69;dst=74;rate_mbps=2.4;flow_size_byte=500000;packet_lambda_per_s=None;packet_size_byte=1500;lambda_mode=flow_per_pair_rate_mbps
307,73,66,500000,54424699244,,slot=54;src=73;dst=66;rate_mbps=2.4;flow_size_byte=500000;packet_lambda_per_s=None;packet_size_byte=1500;lambda_mode=flow_per_pair_rate_mbps
308,69,74,500000,54464392583,,slot=54;src=69;dst=74;rate_mbps=2.4;flow_size_byte=500000;packet_lambda_per_s=None;packet_size_byte=1500;lambda_mode=flow_per_pair_rate_mbps
309,71,75,500000,54638595631,,slot=54;src=71;dst=75;rate_mbps=2.4;flow_size_byte=500000;packet_lambda_per_s=None;packet_size_byte=1500;lambda_mode=flow_per_pair_rate_mbps
310,73,66,500000,54801230742,,slot=54;src=73;dst=66;rate_mbps=2.4;flow_size_byte=500000;packet_lambda_per_s=None;packet_size_byte=1500;lambda_mode=flow_per_pair_rate_mbps
311,67,70,500000,54866019097,,slot=54;src=67;dst=70;rate_mbps=2.4;flow_size_byte=500000;packet_lambda_per_s=None;packet_size_byte=1500;lambda_mode=flow_per_pair_rate_mbps
312,70,67,500000,55001863736,,slot=55;src=70;dst=67;rate_mbps=2.4;flow_size_byte=500000;packet_lambda_per_s=None;packet_size_byte=1500;lambda_mode=flow_per_pair_rate_mbps
313,70,67,500000,55201863736,,slot=55;src=70;dst=67;rate_mbps=2.4;flow_size_byte=500000;packet_lambda_per_s=None;packet_size_byte=1500;lambda_mode=flow_per_pair_rate_mbps
314,71,75,500000,55224624019,,slot=55;src=71;dst=75;rate_mbps=2.4;flow_size_byte=500000;packet_lambda_per_s=None;packet_size_byte=1500;lambda_mode=flow_per_pair_rate_mbps
315,68,72,500000,55639189795,,slot=55;src=68;dst=72;rate_mbps=2.4;flow_size_byte=500000;packet_lambda_per_s=None;packet_size_byte=1500;lambda_mode=flow_per_pair_rate_mbps
316,72,68,500000,55846290402,,slot=55;src=72;dst=68;rate_mbps=2.4;flow_size_byte=500000;packet_lambda_per_s=None;packet_size_byte=1500;lambda_mode=flow_per_pair_rate_mbps
317,73,66,500000,56014666468,,slot=56;src=73;dst=66;rate_mbps=2.4;flow_size_byte=500000;packet_lambda_per_s=None;packet_size_byte=1500;lambda_mode=flow_per_pair_rate_mbps
318,72,68,500000,56046290402,,slot=55;src=72;dst=68;rate_mbps=2.4;flow_size_byte=500000;packet_lambda_per_s=None;packet_size_byte=1500;lambda_mode=flow_per_pair_rate_mbps
319,68,72,500000,56157025318,,slot=56;src=68;dst=72;rate_mbps=2.4;flow_size_byte=500000;packet_lambda_per_s=None;packet_size_byte=1500;lambda_mode=flow_per_pair_rate_mbps
320,69,74,500000,56439621576,,slot=56;src=69;dst=74;rate_mbps=2.4;flow_size_byte=500000;packet_lambda_per_s=None;packet_size_byte=1500;lambda_mode=flow_per_pair_rate_mbps
321,71,75,500000,56439808219,,slot=56;src=71;dst=75;rate_mbps=2.4;flow_size_byte=500000;packet_lambda_per_s=None;packet_size_byte=1500;lambda_mode=flow_per_pair_rate_mbps
322,66,73,500000,56993597282,,slot=56;src=66;dst=73;rate_mbps=2.4;flow_size_byte=500000;packet_lambda_per_s=None;packet_size_byte=1500;lambda_mode=flow_per_pair_rate_mbps
323,75,71,500000,57276878535,,slot=57;src=75;dst=71;rate_mbps=2.4;flow_size_byte=500000;packet_lambda_per_s=None;packet_size_byte=1500;lambda_mode=flow_per_pair_rate_mbps
324,69,74,500000,57428039010,,slot=57;src=69;dst=74;rate_mbps=2.4;flow_size_byte=500000;packet_lambda_per_s=None;packet_size_byte=1500;lambda_mode=flow_per_pair_rate_mbps
325,69,74,500000,57680891038,,slot=57;src=69;dst=74;rate_mbps=2.4;flow_size_byte=500000;packet_lambda_per_s=None;packet_size_byte=1500;lambda_mode=flow_per_pair_rate_mbps
326,73,66,500000,57716816645,,slot=57;src=73;dst=66;rate_mbps=2.4;flow_size_byte=500000;packet_lambda_per_s=None;packet_size_byte=1500;lambda_mode=flow_per_pair_rate_mbps
327,74,69,500000,57789740636,,slot=57;src=74;dst=69;rate_mbps=2.4;flow_size_byte=500000;packet_lambda_per_s=None;packet_size_byte=1500;lambda_mode=flow_per_pair_rate_mbps
328,69,74,500000,57880891038,,slot=57;src=69;dst=74;rate_mbps=2.4;flow_size_byte=500000;packet_lambda_per_s=None;packet_size_byte=1500;lambda_mode=flow_per_pair_rate_mbps
329,70,67,500000,57975902825,,slot=57;src=70;dst=67;rate_mbps=2.4;flow_size_byte=500000;packet_lambda_per_s=None;packet_size_byte=1500;lambda_mode=flow_per_pair_rate_mbps
330,67,70,500000,58018637706,,slot=58;src=67;dst=70;rate_mbps=2.4;flow_size_byte=500000;packet_lambda_per_s=None;packet_size_byte=1500;lambda_mode=flow_per_pair_rate_mbps
331,74,69,500000,58057364340,,slot=58;src=74;dst=69;rate_mbps=2.4;flow_size_byte=500000;packet_lambda_per_s=None;packet_size_byte=1500;lambda_mode=flow_per_pair_rate_mbps
332,66,73,500000,58207852167,,slot=58;src=66;dst=73;rate_mbps=2.4;flow_size_byte=500000;packet_lambda_per_s=None;packet_size_byte=1500;lambda_mode=flow_per_pair_rate_mbps
333,67,70,500000,58231630613,,slot=58;src=67;dst=70;rate_mbps=2.4;flow_size_byte=500000;packet_lambda_per_s=None;packet_size_byte=1500;lambda_mode=flow_per_pair_rate_mbps
334,69,74,500000,58393809987,,slot=58;src=69;dst=74;rate_mbps=2.4;flow_size_byte=500000;packet_lambda_per_s=None;packet_size_byte=1500;lambda_mode=flow_per_pair_rate_mbps
335,68,72,500000,58690452037,,slot=58;src=68;dst=72;rate_mbps=2.4;flow_size_byte=500000;packet_lambda_per_s=None;packet_size_byte=1500;lambda_mode=flow_per_pair_rate_mbps
336,67,70,500000,58695221866,,slot=58;src=67;dst=70;rate_mbps=2.4;flow_size_byte=500000;packet_lambda_per_s=None;packet_size_byte=1500;lambda_mode=flow_per_pair_rate_mbps
337,66,73,500000,58847423985,,slot=58;src=66;dst=73;rate_mbps=2.4;flow_size_byte=500000;packet_lambda_per_s=None;packet_size_byte=1500;lambda_mode=flow_per_pair_rate_mbps
338,72,68,500000,58887757916,,slot=58;src=72;dst=68;rate_mbps=2.4;flow_size_byte=500000;packet_lambda_per_s=None;packet_size_byte=1500;lambda_mode=flow_per_pair_rate_mbps
339,66,73,500000,59175848249,,slot=59;src=66;dst=73;rate_mbps=2.4;flow_size_byte=500000;packet_lambda_per_s=None;packet_size_byte=1500;lambda_mode=flow_per_pair_rate_mbps
340,75,71,500000,59231758719,,slot=59;src=75;dst=71;rate_mbps=2.4;flow_size_byte=500000;packet_lambda_per_s=None;packet_size_byte=1500;lambda_mode=flow_per_pair_rate_mbps
341,71,75,500000,60057760905,,slot=60;src=71;dst=75;rate_mbps=2.4;flow_size_byte=500000;packet_lambda_per_s=None;packet_size_byte=1500;lambda_mode=flow_per_pair_rate_mbps
342,68,72,500000,60138790674,,slot=60;src=68;dst=72;rate_mbps=2.4;flow_size_byte=500000;packet_lambda_per_s=None;packet_size_byte=1500;lambda_mode=flow_per_pair_rate_mbps
343,69,74,500000,60389970020,,slot=60;src=69;dst=74;rate_mbps=2.4;flow_size_byte=500000;packet_lambda_per_s=None;packet_size_byte=1500;lambda_mode=flow_per_pair_rate_mbps
344,67,70,500000,60504897737,,slot=60;src=67;dst=70;rate_mbps=2.4;flow_size_byte=500000;packet_lambda_per_s=None;packet_size_byte=1500;lambda_mode=flow_per_pair_rate_mbps
345,75,71,500000,60658681852,,slot=60;src=75;dst=71;rate_mbps=2.4;flow_size_byte=500000;packet_lambda_per_s=None;packet_size_byte=1500;lambda_mode=flow_per_pair_rate_mbps
346,68,72,500000,60818037473,,slot=60;src=68;dst=72;rate_mbps=2.4;flow_size_byte=500000;packet_lambda_per_s=None;packet_size_byte=1500;lambda_mode=flow_per_pair_rate_mbps
347,73,66,500000,61033898016,,slot=61;src=73;dst=66;rate_mbps=2.4;flow_size_byte=500000;packet_lambda_per_s=None;packet_size_byte=1500;lambda_mode=flow_per_pair_rate_mbps
348,75,71,500000,61192815190,,slot=61;src=75;dst=71;rate_mbps=2.4;flow_size_byte=500000;packet_lambda_per_s=None;packet_size_byte=1500;lambda_mode=flow_per_pair_rate_mbps
349,71,75,500000,61335676526,,slot=61;src=71;dst=75;rate_mbps=2.4;flow_size_byte=500000;packet_lambda_per_s=None;packet_size_byte=1500;lambda_mode=flow_per_pair_rate_mbps
350,73,66,500000,61807454585,,slot=61;src=73;dst=66;rate_mbps=2.4;flow_size_byte=500000;packet_lambda_per_s=None;packet_size_byte=1500;lambda_mode=flow_per_pair_rate_mbps
351,75,71,500000,61828674482,,slot=61;src=75;dst=71;rate_mbps=2.4;flow_size_byte=500000;packet_lambda_per_s=None;packet_size_byte=1500;lambda_mode=flow_per_pair_rate_mbps
352,72,68,500000,61962692801,,slot=61;src=72;dst=68;rate_mbps=2.4;flow_size_byte=500000;packet_lambda_per_s=None;packet_size_byte=1500;lambda_mode=flow_per_pair_rate_mbps
353,72,68,500000,62162692801,,slot=62;src=72;dst=68;rate_mbps=2.4;flow_size_byte=500000;packet_lambda_per_s=None;packet_size_byte=1500;lambda_mode=flow_per_pair_rate_mbps
354,67,70,500000,62226420005,,slot=62;src=67;dst=70;rate_mbps=2.4;flow_size_byte=500000;packet_lambda_per_s=None;packet_size_byte=1500;lambda_mode=flow_per_pair_rate_mbps
355,71,75,500000,62339767740,,slot=62;src=71;dst=75;rate_mbps=2.4;flow_size_byte=500000;packet_lambda_per_s=None;packet_size_byte=1500;lambda_mode=flow_per_pair_rate_mbps
356,71,75,500000,62539767740,,slot=62;src=71;dst=75;rate_mbps=2.4;flow_size_byte=500000;packet_lambda_per_s=None;packet_size_byte=1500;lambda_mode=flow_per_pair_rate_mbps
357,72,68,500000,62985988494,,slot=62;src=72;dst=68;rate_mbps=2.4;flow_size_byte=500000;packet_lambda_per_s=None;packet_size_byte=1500;lambda_mode=flow_per_pair_rate_mbps
358,70,67,500000,63074943540,,slot=63;src=70;dst=67;rate_mbps=2.4;flow_size_byte=500000;packet_lambda_per_s=None;packet_size_byte=1500;lambda_mode=flow_per_pair_rate_mbps
359,71,75,500000,63152084882,,slot=63;src=71;dst=75;rate_mbps=2.4;flow_size_byte=500000;packet_lambda_per_s=None;packet_size_byte=1500;lambda_mode=flow_per_pair_rate_mbps
360,69,74,500000,63347352899,,slot=63;src=69;dst=74;rate_mbps=2.4;flow_size_byte=500000;packet_lambda_per_s=None;packet_size_byte=1500;lambda_mode=flow_per_pair_rate_mbps
361,72,68,500000,63431389780,,slot=63;src=72;dst=68;rate_mbps=2.4;flow_size_byte=500000;packet_lambda_per_s=None;packet_size_byte=1500;lambda_mode=flow_per_pair_rate_mbps
362,68,72,500000,63449156122,,slot=63;src=68;dst=72;rate_mbps=2.4;flow_size_byte=500000;packet_lambda_per_s=None;packet_size_byte=1500;lambda_mode=flow_per_pair_rate_mbps
363,73,66,500000,63606676786,,slot=63;src=73;dst=66;rate_mbps=2.4;flow_size_byte=500000;packet_lambda_per_s=None;packet_size_byte=1500;lambda_mode=flow_per_pair_rate_mbps
364,66,73,500000,63781172214,,slot=63;src=66;dst=73;rate_mbps=2.4;flow_size_byte=500000;packet_lambda_per_s=None;packet_size_byte=1500;lambda_mode=flow_per_pair_rate_mbps
365,73,66,500000,63806676786,,slot=63;src=73;dst=66;rate_mbps=2.4;flow_size_byte=500000;packet_lambda_per_s=None;packet_size_byte=1500;lambda_mode=flow_per_pair_rate_mbps
366,70,67,500000,64014642892,,slot=64;src=70;dst=67;rate_mbps=2.4;flow_size_byte=500000;packet_lambda_per_s=None;packet_size_byte=1500;lambda_mode=flow_per_pair_rate_mbps
367,71,75,500000,64041566920,,slot=64;src=71;dst=75;rate_mbps=2.4;flow_size_byte=500000;packet_lambda_per_s=None;packet_size_byte=1500;lambda_mode=flow_per_pair_rate_mbps
368,67,70,500000,64383394653,,slot=64;src=67;dst=70;rate_mbps=2.4;flow_size_byte=500000;packet_lambda_per_s=None;packet_size_byte=1500;lambda_mode=flow_per_pair_rate_mbps
369,74,69,500000,64389507304,,slot=64;src=74;dst=69;rate_mbps=2.4;flow_size_byte=500000;packet_lambda_per_s=None;packet_size_byte=1500;lambda_mode=flow_per_pair_rate_mbps
370,75,71,500000,64470463799,,slot=64;src=75;dst=71;rate_mbps=2.4;flow_size_byte=500000;packet_lambda_per_s=None;packet_size_byte=1500;lambda_mode=flow_per_pair_rate_mbps
371,68,72,500000,64833334820,,slot=64;src=68;dst=72;rate_mbps=2.4;flow_size_byte=500000;packet_lambda_per_s=None;packet_size_byte=1500;lambda_mode=flow_per_pair_rate_mbps
372,68,72,500000,65033334820,,slot=64;src=68;dst=72;rate_mbps=2.4;flow_size_byte=500000;packet_lambda_per_s=None;packet_size_byte=1500;lambda_mode=flow_per_pair_rate_mbps
373,74,69,500000,65233637627,,slot=65;src=74;dst=69;rate_mbps=2.4;flow_size_byte=500000;packet_lambda_per_s=None;packet_size_byte=1500;lambda_mode=flow_per_pair_rate_mbps
374,69,74,500000,65356492186,,slot=65;src=69;dst=74;rate_mbps=2.4;flow_size_byte=500000;packet_lambda_per_s=None;packet_size_byte=1500;lambda_mode=flow_per_pair_rate_mbps
375,68,72,500000,65407723071,,slot=65;src=68;dst=72;rate_mbps=2.4;flow_size_byte=500000;packet_lambda_per_s=None;packet_size_byte=1500;lambda_mode=flow_per_pair_rate_mbps
376,73,66,500000,65418423086,,slot=65;src=73;dst=66;rate_mbps=2.4;flow_size_byte=500000;packet_lambda_per_s=None;packet_size_byte=1500;lambda_mode=flow_per_pair_rate_mbps
377,69,74,500000,65556492186,,slot=65;src=69;dst=74;rate_mbps=2.4;flow_size_byte=500000;packet_lambda_per_s=None;packet_size_byte=1500;lambda_mode=flow_per_pair_rate_mbps
378,73,66,500000,66028919753,,slot=66;src=73;dst=66;rate_mbps=2.4;flow_size_byte=500000;packet_lambda_per_s=None;packet_size_byte=1500;lambda_mode=flow_per_pair_rate_mbps
379,75,71,500000,66320756258,,slot=66;src=75;dst=71;rate_mbps=2.4;flow_size_byte=500000;packet_lambda_per_s=None;packet_size_byte=1500;lambda_mode=flow_per_pair_rate_mbps
380,74,69,500000,66465223098,,slot=66;src=74;dst=69;rate_mbps=2.4;flow_size_byte=500000;packet_lambda_per_s=None;packet_size_byte=1500;lambda_mode=flow_per_pair_rate_mbps
381,70,67,500000,66497181918,,slot=66;src=70;dst=67;rate_mbps=2.4;flow_size_byte=500000;packet_lambda_per_s=None;packet_size_byte=1500;lambda_mode=flow_per_pair_rate_mbps
382,74,69,500000,66665223098,,slot=66;src=74;dst=69;rate_mbps=2.4;flow_size_byte=500000;packet_lambda_per_s=None;packet_size_byte=1500;lambda_mode=flow_per_pair_rate_mbps
383,73,66,500000,66751252641,,slot=66;src=73;dst=66;rate_mbps=2.4;flow_size_byte=500000;packet_lambda_per_s=None;packet_size_byte=1500;lambda_mode=flow_per_pair_rate_mbps
384,70,67,500000,66833587843,,slot=66;src=70;dst=67;rate_mbps=2.4;flow_size_byte=500000;packet_lambda_per_s=None;packet_size_byte=1500;lambda_mode=flow_per_pair_rate_mbps
385,68,72,500000,66871393851,,slot=66;src=68;dst=72;rate_mbps=2.4;flow_size_byte=500000;packet_lambda_per_s=None;packet_size_byte=1500;lambda_mode=flow_per_pair_rate_mbps
386,72,68,500000,66958263439,,slot=66;src=72;dst=68;rate_mbps=2.4;flow_size_byte=500000;packet_lambda_per_s=None;packet_size_byte=1500;lambda_mode=flow_per_pair_rate_mbps
387,73,66,500000,67360007548,,slot=67;src=73;dst=66;rate_mbps=2.4;flow_size_byte=500000;packet_lambda_per_s=None;packet_size_byte=1500;lambda_mode=flow_per_pair_rate_mbps
388,66,73,500000,67470493691,,slot=67;src=66;dst=73;rate_mbps=2.4;flow_size_byte=500000;packet_lambda_per_s=None;packet_size_byte=1500;lambda_mode=flow_per_pair_rate_mbps
389,75,71,500000,67541775940,,slot=67;src=75;dst=71;rate_mbps=2.4;flow_size_byte=500000;packet_lambda_per_s=None;packet_size_byte=1500;lambda_mode=flow_per_pair_rate_mbps
390,72,68,500000,67667467197,,slot=67;src=72;dst=68;rate_mbps=2.4;flow_size_byte=500000;packet_lambda_per_s=None;packet_size_byte=1500;lambda_mode=flow_per_pair_rate_mbps
391,75,71,500000,67741775940,,slot=67;src=75;dst=71;rate_mbps=2.4;flow_size_byte=500000;packet_lambda_per_s=None;packet_size_byte=1500;lambda_mode=flow_per_pair_rate_mbps
392,72,68,500000,68033439181,,slot=68;src=72;dst=68;rate_mbps=2.4;flow_size_byte=500000;packet_lambda_per_s=None;packet_size_byte=1500;lambda_mode=flow_per_pair_rate_mbps
393,67,70,500000,68209214206,,slot=68;src=67;dst=70;rate_mbps=2.4;flow_size_byte=500000;packet_lambda_per_s=None;packet_size_byte=1500;lambda_mode=flow_per_pair_rate_mbps
394,70,67,500000,68423171197,,slot=68;src=70;dst=67;rate_mbps=2.4;flow_size_byte=500000;packet_lambda_per_s=None;packet_size_byte=1500;lambda_mode=flow_per_pair_rate_mbps
395,74,69,500000,68538939430,,slot=68;src=74;dst=69;rate_mbps=2.4;flow_size_byte=500000;packet_lambda_per_s=None;packet_size_byte=1500;lambda_mode=flow_per_pair_rate_mbps
396,69,74,500000,68776642347,,slot=68;src=69;dst=74;rate_mbps=2.4;flow_size_byte=500000;packet_lambda_per_s=None;packet_size_byte=1500;lambda_mode=flow_per_pair_rate_mbps
397,72,68,500000,68992841485,,slot=68;src=72;dst=68;rate_mbps=2.4;flow_size_byte=500000;packet_lambda_per_s=None;packet_size_byte=1500;lambda_mode=flow_per_pair_rate_mbps
398,68,72,500000,69146873319,,slot=69;src=68;dst=72;rate_mbps=2.4;flow_size_byte=500000;packet_lambda_per_s=None;packet_size_byte=1500;lambda_mode=flow_per_pair_rate_mbps
399,71,75,500000,69160792407,,slot=69;src=71;dst=75;rate_mbps=2.4;flow_size_byte=500000;packet_lambda_per_s=None;packet_size_byte=1500;lambda_mode=flow_per_pair_rate_mbps
400,70,67,500000,69506664118,,slot=69;src=70;dst=67;rate_mbps=2.4;flow_size_byte=500000;packet_lambda_per_s=None;packet_size_byte=1500;lambda_mode=flow_per_pair_rate_mbps
401,70,67,500000,69977957935,,slot=69;src=70;dst=67;rate_mbps=2.4;flow_size_byte=500000;packet_lambda_per_s=None;packet_size_byte=1500;lambda_mode=flow_per_pair_rate_mbps
402,71,75,500000,70025216462,,slot=70;src=71;dst=75;rate_mbps=2.4;flow_size_byte=500000;packet_lambda_per_s=None;packet_size_byte=1500;lambda_mode=flow_per_pair_rate_mbps
403,73,66,500000,70029519133,,slot=70;src=73;dst=66;rate_mbps=2.4;flow_size_byte=500000;packet_lambda_per_s=None;packet_size_byte=1500;lambda_mode=flow_per_pair_rate_mbps
404,74,69,500000,70094514306,,slot=70;src=74;dst=69;rate_mbps=2.4;flow_size_byte=500000;packet_lambda_per_s=None;packet_size_byte=1500;lambda_mode=flow_per_pair_rate_mbps
405,66,73,500000,70150006213,,slot=70;src=66;dst=73;rate_mbps=2.4;flow_size_byte=500000;packet_lambda_per_s=None;packet_size_byte=1500;lambda_mode=flow_per_pair_rate_mbps
406,71,75,500000,70225216462,,slot=70;src=71;dst=75;rate_mbps=2.4;flow_size_byte=500000;packet_lambda_per_s=None;packet_size_byte=1500;lambda_mode=flow_per_pair_rate_mbps
407,73,66,500000,70229519133,,slot=70;src=73;dst=66;rate_mbps=2.4;flow_size_byte=500000;packet_lambda_per_s=None;packet_size_byte=1500;lambda_mode=flow_per_pair_rate_mbps
408,74,69,500000,70294514306,,slot=70;src=74;dst=69;rate_mbps=2.4;flow_size_byte=500000;packet_lambda_per_s=None;packet_size_byte=1500;lambda_mode=flow_per_pair_rate_mbps
409,68,72,500000,70453193961,,slot=70;src=68;dst=72;rate_mbps=2.4;flow_size_byte=500000;packet_lambda_per_s=None;packet_size_byte=1500;lambda_mode=flow_per_pair_rate_mbps
410,72,68,500000,70473685173,,slot=70;src=72;dst=68;rate_mbps=2.4;flow_size_byte=500000;packet_lambda_per_s=None;packet_size_byte=1500;lambda_mode=flow_per_pair_rate_mbps
411,72,68,500000,70673685173,,slot=70;src=72;dst=68;rate_mbps=2.4;flow_size_byte=500000;packet_lambda_per_s=None;packet_size_byte=1500;lambda_mode=flow_per_pair_rate_mbps
412,68,72,500000,70803119253,,slot=70;src=68;dst=72;rate_mbps=2.4;flow_size_byte=500000;packet_lambda_per_s=None;packet_size_byte=1500;lambda_mode=flow_per_pair_rate_mbps
413,73,66,500000,70861176969,,slot=70;src=73;dst=66;rate_mbps=2.4;flow_size_byte=500000;packet_lambda_per_s=None;packet_size_byte=1500;lambda_mode=flow_per_pair_rate_mbps
414,70,67,500000,71003367713,,slot=71;src=70;dst=67;rate_mbps=2.4;flow_size_byte=500000;packet_lambda_per_s=None;packet_size_byte=1500;lambda_mode=flow_per_pair_rate_mbps
415,70,67,500000,71217935978,,slot=71;src=70;dst=67;rate_mbps=2.4;flow_size_byte=500000;packet_lambda_per_s=None;packet_size_byte=1500;lambda_mode=flow_per_pair_rate_mbps
416,71,75,500000,71294220822,,slot=71;src=71;dst=75;rate_mbps=2.4;flow_size_byte=500000;packet_lambda_per_s=None;packet_size_byte=1500;lambda_mode=flow_per_pair_rate_mbps
417,73,66,500000,71453964445,,slot=71;src=73;dst=66;rate_mbps=2.4;flow_size_byte=500000;packet_lambda_per_s=None;packet_size_byte=1500;lambda_mode=flow_per_pair_rate_mbps
418,69,74,500000,71702810779,,slot=71;src=69;dst=74;rate_mbps=2.4;flow_size_byte=500000;packet_lambda_per_s=None;packet_size_byte=1500;lambda_mode=flow_per_pair_rate_mbps
419,75,71,500000,71839126291,,slot=71;src=75;dst=71;rate_mbps=2.4;flow_size_byte=500000;packet_lambda_per_s=None;packet_size_byte=1500;lambda_mode=flow_per_pair_rate_mbps
420,69,74,500000,71902810779,,slot=71;src=69;dst=74;rate_mbps=2.4;flow_size_byte=500000;packet_lambda_per_s=None;packet_size_byte=1500;lambda_mode=flow_per_pair_rate_mbps
421,68,72,500000,72039092184,,slot=72;src=68;dst=72;rate_mbps=2.4;flow_size_byte=500000;packet_lambda_per_s=None;packet_size_byte=1500;lambda_mode=flow_per_pair_rate_mbps
422,71,75,500000,72227619993,,slot=72;src=71;dst=75;rate_mbps=2.4;flow_size_byte=500000;packet_lambda_per_s=None;packet_size_byte=1500;lambda_mode=flow_per_pair_rate_mbps
423,68,72,500000,72239092184,,slot=72;src=68;dst=72;rate_mbps=2.4;flow_size_byte=500000;packet_lambda_per_s=None;packet_size_byte=1500;lambda_mode=flow_per_pair_rate_mbps
424,67,70,500000,72330070588,,slot=72;src=67;dst=70;rate_mbps=2.4;flow_size_byte=500000;packet_lambda_per_s=None;packet_size_byte=1500;lambda_mode=flow_per_pair_rate_mbps
425,75,71,500000,72348247731,,slot=72;src=75;dst=71;rate_mbps=2.4;flow_size_byte=500000;packet_lambda_per_s=None;packet_size_byte=1500;lambda_mode=flow_per_pair_rate_mbps
426,74,69,500000,72655862908,,slot=72;src=74;dst=69;rate_mbps=2.4;flow_size_byte=500000;packet_lambda_per_s=None;packet_size_byte=1500;lambda_mode=flow_per_pair_rate_mbps
427,73,66,500000,72780135701,,slot=72;src=73;dst=66;rate_mbps=2.4;flow_size_byte=500000;packet_lambda_per_s=None;packet_size_byte=1500;lambda_mode=flow_per_pair_rate_mbps
428,75,71,500000,72890228778,,slot=72;src=75;dst=71;rate_mbps=2.4;flow_size_byte=500000;packet_lambda_per_s=None;packet_size_byte=1500;lambda_mode=flow_per_pair_rate_mbps
429,66,73,500000,73244015789,,slot=73;src=66;dst=73;rate_mbps=2.4;flow_size_byte=500000;packet_lambda_per_s=None;packet_size_byte=1500;lambda_mode=flow_per_pair_rate_mbps
430,69,74,500000,73750290699,,slot=73;src=69;dst=74;rate_mbps=2.4;flow_size_byte=500000;packet_lambda_per_s=None;packet_size_byte=1500;lambda_mode=flow_per_pair_rate_mbps
431,71,75,500000,73818018672,,slot=73;src=71;dst=75;rate_mbps=2.4;flow_size_byte=500000;packet_lambda_per_s=None;packet_size_byte=1500;lambda_mode=flow_per_pair_rate_mbps
432,75,71,500000,73836790750,,slot=73;src=75;dst=71;rate_mbps=2.4;flow_size_byte=500000;packet_lambda_per_s=None;packet_size_byte=1500;lambda_mode=flow_per_pair_rate_mbps
433,67,70,500000,74008145071,,slot=74;src=67;dst=70;rate_mbps=2.4;flow_size_byte=500000;packet_lambda_per_s=None;packet_size_byte=1500;lambda_mode=flow_per_pair_rate_mbps
434,71,75,500000,74018018672,,slot=73;src=71;dst=75;rate_mbps=2.4;flow_size_byte=500000;packet_lambda_per_s=None;packet_size_byte=1500;lambda_mode=flow_per_pair_rate_mbps
435,75,71,500000,74036790750,,slot=73;src=75;dst=71;rate_mbps=2.4;flow_size_byte=500000;packet_lambda_per_s=None;packet_size_byte=1500;lambda_mode=flow_per_pair_rate_mbps
436,74,69,500000,74148465771,,slot=74;src=74;dst=69;rate_mbps=2.4;flow_size_byte=500000;packet_lambda_per_s=None;packet_size_byte=1500;lambda_mode=flow_per_pair_rate_mbps
437,75,71,500000,74236790750,,slot=73;src=75;dst=71;rate_mbps=2.4;flow_size_byte=500000;packet_lambda_per_s=None;packet_size_byte=1500;lambda_mode=flow_per_pair_rate_mbps
438,66,73,500000,74332098208,,slot=74;src=66;dst=73;rate_mbps=2.4;flow_size_byte=500000;packet_lambda_per_s=None;packet_size_byte=1500;lambda_mode=flow_per_pair_rate_mbps
439,75,71,500000,74436790750,,slot=74;src=75;dst=71;rate_mbps=2.4;flow_size_byte=500000;packet_lambda_per_s=None;packet_size_byte=1500;lambda_mode=flow_per_pair_rate_mbps
440,67,70,500000,74440232433,,slot=74;src=67;dst=70;rate_mbps=2.4;flow_size_byte=500000;packet_lambda_per_s=None;packet_size_byte=1500;lambda_mode=flow_per_pair_rate_mbps
441,75,71,500000,74636790750,,slot=74;src=75;dst=71;rate_mbps=2.4;flow_size_byte=500000;packet_lambda_per_s=None;packet_size_byte=1500;lambda_mode=flow_per_pair_rate_mbps
442,75,71,500000,74858532751,,slot=74;src=75;dst=71;rate_mbps=2.4;flow_size_byte=500000;packet_lambda_per_s=None;packet_size_byte=1500;lambda_mode=flow_per_pair_rate_mbps
443,73,66,500000,74862378058,,slot=74;src=73;dst=66;rate_mbps=2.4;flow_size_byte=500000;packet_lambda_per_s=None;packet_size_byte=1500;lambda_mode=flow_per_pair_rate_mbps
444,74,69,500000,74868295400,,slot=74;src=74;dst=69;rate_mbps=2.4;flow_size_byte=500000;packet_lambda_per_s=None;packet_size_byte=1500;lambda_mode=flow_per_pair_rate_mbps
445,70,67,500000,75079351800,,slot=75;src=70;dst=67;rate_mbps=2.4;flow_size_byte=500000;packet_lambda_per_s=None;packet_size_byte=1500;lambda_mode=flow_per_pair_rate_mbps
446,74,69,500000,75220505807,,slot=75;src=74;dst=69;rate_mbps=2.4;flow_size_byte=500000;packet_lambda_per_s=None;packet_size_byte=1500;lambda_mode=flow_per_pair_rate_mbps
447,66,73,500000,75277431728,,slot=75;src=66;dst=73;rate_mbps=2.4;flow_size_byte=500000;packet_lambda_per_s=None;packet_size_byte=1500;lambda_mode=flow_per_pair_rate_mbps
448,70,67,500000,75279351800,,slot=75;src=70;dst=67;rate_mbps=2.4;flow_size_byte=500000;packet_lambda_per_s=None;packet_size_byte=1500;lambda_mode=flow_per_pair_rate_mbps
449,75,71,500000,75506468215,,slot=75;src=75;dst=71;rate_mbps=2.4;flow_size_byte=500000;packet_lambda_per_s=None;packet_size_byte=1500;lambda_mode=flow_per_pair_rate_mbps
450,69,74,500000,75796759540,,slot=75;src=69;dst=74;rate_mbps=2.4;flow_size_byte=500000;packet_lambda_per_s=None;packet_size_byte=1500;lambda_mode=flow_per_pair_rate_mbps
451,70,67,500000,75846958217,,slot=75;src=70;dst=67;rate_mbps=2.4;flow_size_byte=500000;packet_lambda_per_s=None;packet_size_byte=1500;lambda_mode=flow_per_pair_rate_mbps
452,73,66,500000,75895019631,,slot=75;src=73;dst=66;rate_mbps=2.4;flow_size_byte=500000;packet_lambda_per_s=None;packet_size_byte=1500;lambda_mode=flow_per_pair_rate_mbps
453,68,72,500000,76018493995,,slot=76;src=68;dst=72;rate_mbps=2.4;flow_size_byte=500000;packet_lambda_per_s=None;packet_size_byte=1500;lambda_mode=flow_per_pair_rate_mbps
454,69,74,500000,76023265414,,slot=76;src=69;dst=74;rate_mbps=2.4;flow_size_byte=500000;packet_lambda_per_s=None;packet_size_byte=1500;lambda_mode=flow_per_pair_rate_mbps
455,70,67,500000,76046958217,,slot=75;src=70;dst=67;rate_mbps=2.4;flow_size_byte=500000;packet_lambda_per_s=None;packet_size_byte=1500;lambda_mode=flow_per_pair_rate_mbps
456,74,69,500000,76310147502,,slot=76;src=74;dst=69;rate_mbps=2.4;flow_size_byte=500000;packet_lambda_per_s=None;packet_size_byte=1500;lambda_mode=flow_per_pair_rate_mbps
457,66,73,500000,76465275829,,slot=76;src=66;dst=73;rate_mbps=2.4;flow_size_byte=500000;packet_lambda_per_s=None;packet_size_byte=1500;lambda_mode=flow_per_pair_rate_mbps
458,73,66,500000,76556604725,,slot=76;src=73;dst=66;rate_mbps=2.4;flow_size_byte=500000;packet_lambda_per_s=None;packet_size_byte=1500;lambda_mode=flow_per_pair_rate_mbps
459,66,73,500000,76750930493,,slot=76;src=66;dst=73;rate_mbps=2.4;flow_size_byte=500000;packet_lambda_per_s=None;packet_size_byte=1500;lambda_mode=flow_per_pair_rate_mbps
460,75,71,500000,76822013998,,slot=76;src=75;dst=71;rate_mbps=2.4;flow_size_byte=500000;packet_lambda_per_s=None;packet_size_byte=1500;lambda_mode=flow_per_pair_rate_mbps
461,73,66,500000,76888325519,,slot=76;src=73;dst=66;rate_mbps=2.4;flow_size_byte=500000;packet_lambda_per_s=None;packet_size_byte=1500;lambda_mode=flow_per_pair_rate_mbps
462,71,75,500000,77088921111,,slot=77;src=71;dst=75;rate_mbps=2.4;flow_size_byte=500000;packet_lambda_per_s=None;packet_size_byte=1500;lambda_mode=flow_per_pair_rate_mbps
463,75,71,500000,77372204601,,slot=77;src=75;dst=71;rate_mbps=2.4;flow_size_byte=500000;packet_lambda_per_s=None;packet_size_byte=1500;lambda_mode=flow_per_pair_rate_mbps
464,71,75,500000,77604204918,,slot=77;src=71;dst=75;rate_mbps=2.4;flow_size_byte=500000;packet_lambda_per_s=None;packet_size_byte=1500;lambda_mode=flow_per_pair_rate_mbps
465,67,70,500000,77652195524,,slot=77;src=67;dst=70;rate_mbps=2.4;flow_size_byte=500000;packet_lambda_per_s=None;packet_size_byte=1500;lambda_mode=flow_per_pair_rate_mbps
466,66,73,500000,77719813082,,slot=77;src=66;dst=73;rate_mbps=2.4;flow_size_byte=500000;packet_lambda_per_s=None;packet_size_byte=1500;lambda_mode=flow_per_pair_rate_mbps
467,74,69,500000,77817201595,,slot=77;src=74;dst=69;rate_mbps=2.4;flow_size_byte=500000;packet_lambda_per_s=None;packet_size_byte=1500;lambda_mode=flow_per_pair_rate_mbps
468,74,69,500000,78292629299,,slot=78;src=74;dst=69;rate_mbps=2.4;flow_size_byte=500000;packet_lambda_per_s=None;packet_size_byte=1500;lambda_mode=flow_per_pair_rate_mbps
469,74,69,500000,78492629299,,slot=78;src=74;dst=69;rate_mbps=2.4;flow_size_byte=500000;packet_lambda_per_s=None;packet_size_byte=1500;lambda_mode=flow_per_pair_rate_mbps
470,74,69,500000,78692629299,,slot=78;src=74;dst=69;rate_mbps=2.4;flow_size_byte=500000;packet_lambda_per_s=None;packet_size_byte=1500;lambda_mode=flow_per_pair_rate_mbps
471,66,73,500000,78699385373,,slot=78;src=66;dst=73;rate_mbps=2.4;flow_size_byte=500000;packet_lambda_per_s=None;packet_size_byte=1500;lambda_mode=flow_per_pair_rate_mbps
472,74,69,500000,78892629299,,slot=78;src=74;dst=69;rate_mbps=2.4;flow_size_byte=500000;packet_lambda_per_s=None;packet_size_byte=1500;lambda_mode=flow_per_pair_rate_mbps
473,69,74,500000,79202348408,,slot=79;src=69;dst=74;rate_mbps=2.4;flow_size_byte=500000;packet_lambda_per_s=None;packet_size_byte=1500;lambda_mode=flow_per_pair_rate_mbps
474,68,72,500000,79362604027,,slot=79;src=68;dst=72;rate_mbps=2.4;flow_size_byte=500000;packet_lambda_per_s=None;packet_size_byte=1500;lambda_mode=flow_per_pair_rate_mbps
475,75,71,500000,79435217234,,slot=79;src=75;dst=71;rate_mbps=2.4;flow_size_byte=500000;packet_lambda_per_s=None;packet_size_byte=1500;lambda_mode=flow_per_pair_rate_mbps
476,67,70,500000,79626688004,,slot=79;src=67;dst=70;rate_mbps=2.4;flow_size_byte=500000;packet_lambda_per_s=None;packet_size_byte=1500;lambda_mode=flow_per_pair_rate_mbps
477,73,66,500000,79643308433,,slot=79;src=73;dst=66;rate_mbps=2.4;flow_size_byte=500000;packet_lambda_per_s=None;packet_size_byte=1500;lambda_mode=flow_per_pair_rate_mbps
478,74,69,500000,79836648823,,slot=79;src=74;dst=69;rate_mbps=2.4;flow_size_byte=500000;packet_lambda_per_s=None;packet_size_byte=1500;lambda_mode=flow_per_pair_rate_mbps
479,68,72,500000,79847863501,,slot=79;src=68;dst=72;rate_mbps=2.4;flow_size_byte=500000;packet_lambda_per_s=None;packet_size_byte=1500;lambda_mode=flow_per_pair_rate_mbps
480,74,69,500000,80036648823,,slot=80;src=74;dst=69;rate_mbps=2.4;flow_size_byte=500000;packet_lambda_per_s=None;packet_size_byte=1500;lambda_mode=flow_per_pair_rate_mbps
481,75,71,500000,80080802794,,slot=80;src=75;dst=71;rate_mbps=2.4;flow_size_byte=500000;packet_lambda_per_s=None;packet_size_byte=1500;lambda_mode=flow_per_pair_rate_mbps
482,69,74,500000,80314775639,,slot=80;src=69;dst=74;rate_mbps=2.4;flow_size_byte=500000;packet_lambda_per_s=None;packet_size_byte=1500;lambda_mode=flow_per_pair_rate_mbps
483,67,70,500000,80359469016,,slot=80;src=67;dst=70;rate_mbps=2.4;flow_size_byte=500000;packet_lambda_per_s=None;packet_size_byte=1500;lambda_mode=flow_per_pair_rate_mbps
484,71,75,500000,80489102674,,slot=80;src=71;dst=75;rate_mbps=2.4;flow_size_byte=500000;packet_lambda_per_s=None;packet_size_byte=1500;lambda_mode=flow_per_pair_rate_mbps
485,71,75,500000,80855176708,,slot=80;src=71;dst=75;rate_mbps=2.4;flow_size_byte=500000;packet_lambda_per_s=None;packet_size_byte=1500;lambda_mode=flow_per_pair_rate_mbps
486,68,72,500000,80899703005,,slot=80;src=68;dst=72;rate_mbps=2.4;flow_size_byte=500000;packet_lambda_per_s=None;packet_size_byte=1500;lambda_mode=flow_per_pair_rate_mbps
487,72,68,500000,80925506010,,slot=80;src=72;dst=68;rate_mbps=2.4;flow_size_byte=500000;packet_lambda_per_s=None;packet_size_byte=1500;lambda_mode=flow_per_pair_rate_mbps
488,67,70,500000,81040038606,,slot=81;src=67;dst=70;rate_mbps=2.4;flow_size_byte=500000;packet_lambda_per_s=None;packet_size_byte=1500;lambda_mode=flow_per_pair_rate_mbps
489,73,66,500000,81125170976,,slot=81;src=73;dst=66;rate_mbps=2.4;flow_size_byte=500000;packet_lambda_per_s=None;packet_size_byte=1500;lambda_mode=flow_per_pair_rate_mbps
490,71,75,500000,81231084152,,slot=81;src=71;dst=75;rate_mbps=2.4;flow_size_byte=500000;packet_lambda_per_s=None;packet_size_byte=1500;lambda_mode=flow_per_pair_rate_mbps
491,67,70,500000,81240038606,,slot=81;src=67;dst=70;rate_mbps=2.4;flow_size_byte=500000;packet_lambda_per_s=None;packet_size_byte=1500;lambda_mode=flow_per_pair_rate_mbps
492,69,74,500000,81393344420,,slot=81;src=69;dst=74;rate_mbps=2.4;flow_size_byte=500000;packet_lambda_per_s=None;packet_size_byte=1500;lambda_mode=flow_per_pair_rate_mbps
493,75,71,500000,82122461388,,slot=82;src=75;dst=71;rate_mbps=2.4;flow_size_byte=500000;packet_lambda_per_s=None;packet_size_byte=1500;lambda_mode=flow_per_pair_rate_mbps
494,75,71,500000,82350437052,,slot=82;src=75;dst=71;rate_mbps=2.4;flow_size_byte=500000;packet_lambda_per_s=None;packet_size_byte=1500;lambda_mode=flow_per_pair_rate_mbps
495,70,67,500000,82615624736,,slot=82;src=70;dst=67;rate_mbps=2.4;flow_size_byte=500000;packet_lambda_per_s=None;packet_size_byte=1500;lambda_mode=flow_per_pair_rate_mbps
496,71,75,500000,82666499183,,slot=82;src=71;dst=75;rate_mbps=2.4;flow_size_byte=500000;packet_lambda_per_s=None;packet_size_byte=1500;lambda_mode=flow_per_pair_rate_mbps
497,74,69,500000,83008434833,,slot=83;src=74;dst=69;rate_mbps=2.4;flow_size_byte=500000;packet_lambda_per_s=None;packet_size_byte=1500;lambda_mode=flow_per_pair_rate_mbps
498,72,68,500000,83015978878,,slot=83;src=72;dst=68;rate_mbps=2.4;flow_size_byte=500000;packet_lambda_per_s=None;packet_size_byte=1500;lambda_mode=flow_per_pair_rate_mbps
499,68,72,500000,83160011938,,slot=83;src=68;dst=72;rate_mbps=2.4;flow_size_byte=500000;packet_lambda_per_s=None;packet_size_byte=1500;lambda_mode=flow_per_pair_rate_mbps
500,74,69,500000,83208434833,,slot=83;src=74;dst=69;rate_mbps=2.4;flow_size_byte=500000;packet_lambda_per_s=None;packet_size_byte=1500;lambda_mode=flow_per_pair_rate_mbps
501,68,72,500000,83397371347,,slot=83;src=68;dst=72;rate_mbps=2.4;flow_size_byte=500000;packet_lambda_per_s=None;packet_size_byte=1500;lambda_mode=flow_per_pair_rate_mbps
502,68,72,500000,83597371347,,slot=83;src=68;dst=72;rate_mbps=2.4;flow_size_byte=500000;packet_lambda_per_s=None;packet_size_byte=1500;lambda_mode=flow_per_pair_rate_mbps
503,67,70,500000,83622888630,,slot=83;src=67;dst=70;rate_mbps=2.4;flow_size_byte=500000;packet_lambda_per_s=None;packet_size_byte=1500;lambda_mode=flow_per_pair_rate_mbps
504,72,68,500000,83670178219,,slot=83;src=72;dst=68;rate_mbps=2.4;flow_size_byte=500000;packet_lambda_per_s=None;packet_size_byte=1500;lambda_mode=flow_per_pair_rate_mbps
505,72,68,500000,83973441007,,slot=83;src=72;dst=68;rate_mbps=2.4;flow_size_byte=500000;packet_lambda_per_s=None;packet_size_byte=1500;lambda_mode=flow_per_pair_rate_mbps
506,75,71,500000,83991149606,,slot=83;src=75;dst=71;rate_mbps=2.4;flow_size_byte=500000;packet_lambda_per_s=None;packet_size_byte=1500;lambda_mode=flow_per_pair_rate_mbps
507,67,70,500000,84079665061,,slot=84;src=67;dst=70;rate_mbps=2.4;flow_size_byte=500000;packet_lambda_per_s=None;packet_size_byte=1500;lambda_mode=flow_per_pair_rate_mbps
508,66,73,500000,84115960794,,slot=84;src=66;dst=73;rate_mbps=2.4;flow_size_byte=500000;packet_lambda_per_s=None;packet_size_byte=1500;lambda_mode=flow_per_pair_rate_mbps
509,72,68,500000,84173441007,,slot=84;src=72;dst=68;rate_mbps=2.4;flow_size_byte=500000;packet_lambda_per_s=None;packet_size_byte=1500;lambda_mode=flow_per_pair_rate_mbps
510,72,68,500000,84373441007,,slot=84;src=72;dst=68;rate_mbps=2.4;flow_size_byte=500000;packet_lambda_per_s=None;packet_size_byte=1500;lambda_mode=flow_per_pair_rate_mbps
511,67,70,500000,84543749210,,slot=84;src=67;dst=70;rate_mbps=2.4;flow_size_byte=500000;packet_lambda_per_s=None;packet_size_byte=1500;lambda_mode=flow_per_pair_rate_mbps
512,68,72,500000,84603058063,,slot=84;src=68;dst=72;rate_mbps=2.4;flow_size_byte=500000;packet_lambda_per_s=None;packet_size_byte=1500;lambda_mode=flow_per_pair_rate_mbps
513,71,75,500000,84613252380,,slot=84;src=71;dst=75;rate_mbps=2.4;flow_size_byte=500000;packet_lambda_per_s=None;packet_size_byte=1500;lambda_mode=flow_per_pair_rate_mbps
514,66,73,500000,84714153261,,slot=84;src=66;dst=73;rate_mbps=2.4;flow_size_byte=500000;packet_lambda_per_s=None;packet_size_byte=1500;lambda_mode=flow_per_pair_rate_mbps
515,72,68,500000,85034597306,,slot=85;src=72;dst=68;rate_mbps=2.4;flow_size_byte=500000;packet_lambda_per_s=None;packet_size_byte=1500;lambda_mode=flow_per_pair_rate_mbps
516,74,69,500000,85167792597,,slot=85;src=74;dst=69;rate_mbps=2.4;flow_size_byte=500000;packet_lambda_per_s=None;packet_size_byte=1500;lambda_mode=flow_per_pair_rate_mbps
517,70,67,500000,85173635741,,slot=85;src=70;dst=67;rate_mbps=2.4;flow_size_byte=500000;packet_lambda_per_s=None;packet_size_byte=1500;lambda_mode=flow_per_pair_rate_mbps
518,74,69,500000,85367792597,,slot=85;src=74;dst=69;rate_mbps=2.4;flow_size_byte=500000;packet_lambda_per_s=None;packet_size_byte=1500;lambda_mode=flow_per_pair_rate_mbps
519,75,71,500000,85831640222,,slot=85;src=75;dst=71;rate_mbps=2.4;flow_size_byte=500000;packet_lambda_per_s=None;packet_size_byte=1500;lambda_mode=flow_per_pair_rate_mbps
520,73,66,500000,85855759477,,slot=85;src=73;dst=66;rate_mbps=2.4;flow_size_byte=500000;packet_lambda_per_s=None;packet_size_byte=1500;lambda_mode=flow_per_pair_rate_mbps
521,74,69,500000,86040773996,,slot=86;src=74;dst=69;rate_mbps=2.4;flow_size_byte=500000;packet_lambda_per_s=None;packet_size_byte=1500;lambda_mode=flow_per_pair_rate_mbps
522,71,75,500000,86247730407,,slot=86;src=71;dst=75;rate_mbps=2.4;flow_size_byte=500000;packet_lambda_per_s=None;packet_size_byte=1500;lambda_mode=flow_per_pair_rate_mbps
523,69,74,500000,86464593314,,slot=86;src=69;dst=74;rate_mbps=2.4;flow_size_byte=500000;packet_lambda_per_s=None;packet_size_byte=1500;lambda_mode=flow_per_pair_rate_mbps
524,75,71,500000,86585720434,,slot=86;src=75;dst=71;rate_mbps=2.4;flow_size_byte=500000;packet_lambda_per_s=None;packet_size_byte=1500;lambda_mode=flow_per_pair_rate_mbps
525,70,67,500000,86781204325,,slot=86;src=70;dst=67;rate_mbps=2.4;flow_size_byte=500000;packet_lambda_per_s=None;packet_size_byte=1500;lambda_mode=flow_per_pair_rate_mbps
526,69,74,500000,86986865379,,slot=86;src=69;dst=74;rate_mbps=2.4;flow_size_byte=500000;packet_lambda_per_s=None;packet_size_byte=1500;lambda_mode=flow_per_pair_rate_mbps
527,73,66,500000,86991941675,,slot=86;src=73;dst=66;rate_mbps=2.4;flow_size_byte=500000;packet_lambda_per_s=None;packet_size_byte=1500;lambda_mode=flow_per_pair_rate_mbps
528,68,72,500000,87108033478,,slot=87;src=68;dst=72;rate_mbps=2.4;flow_size_byte=500000;packet_lambda_per_s=None;packet_size_byte=1500;lambda_mode=flow_per_pair_rate_mbps
529,67,70,500000,87171163495,,slot=87;src=67;dst=70;rate_mbps=2.4;flow_size_byte=500000;packet_lambda_per_s=None;packet_size_byte=1500;lambda_mode=flow_per_pair_rate_mbps
530,75,71,500000,87338629265,,slot=87;src=75;dst=71;rate_mbps=2.4;flow_size_byte=500000;packet_lambda_per_s=None;packet_size_byte=1500;lambda_mode=flow_per_pair_rate_mbps
531,67,70,500000,87371163495,,slot=87;src=67;dst=70;rate_mbps=2.4;flow_size_byte=500000;packet_lambda_per_s=None;packet_size_byte=1500;lambda_mode=flow_per_pair_rate_mbps
532,74,69,500000,87613259382,,slot=87;src=74;dst=69;rate_mbps=2.4;flow_size_byte=500000;packet_lambda_per_s=None;packet_size_byte=1500;lambda_mode=flow_per_pair_rate_mbps
533,71,75,500000,87834604833,,slot=87;src=71;dst=75;rate_mbps=2.4;flow_size_byte=500000;packet_lambda_per_s=None;packet_size_byte=1500;lambda_mode=flow_per_pair_rate_mbps
534,71,75,500000,88034604833,,slot=87;src=71;dst=75;rate_mbps=2.4;flow_size_byte=500000;packet_lambda_per_s=None;packet_size_byte=1500;lambda_mode=flow_per_pair_rate_mbps
535,72,68,500000,88092331108,,slot=88;src=72;dst=68;rate_mbps=2.4;flow_size_byte=500000;packet_lambda_per_s=None;packet_size_byte=1500;lambda_mode=flow_per_pair_rate_mbps
536,67,70,500000,88345419152,,slot=88;src=67;dst=70;rate_mbps=2.4;flow_size_byte=500000;packet_lambda_per_s=None;packet_size_byte=1500;lambda_mode=flow_per_pair_rate_mbps
537,74,69,500000,88426847426,,slot=88;src=74;dst=69;rate_mbps=2.4;flow_size_byte=500000;packet_lambda_per_s=None;packet_size_byte=1500;lambda_mode=flow_per_pair_rate_mbps
538,69,74,500000,88666715454,,slot=88;src=69;dst=74;rate_mbps=2.4;flow_size_byte=500000;packet_lambda_per_s=None;packet_size_byte=1500;lambda_mode=flow_per_pair_rate_mbps
539,66,73,500000,88848761473,,slot=88;src=66;dst=73;rate_mbps=2.4;flow_size_byte=500000;packet_lambda_per_s=None;packet_size_byte=1500;lambda_mode=flow_per_pair_rate_mbps
540,72,68,500000,88897460609,,slot=88;src=72;dst=68;rate_mbps=2.4;flow_size_byte=500000;packet_lambda_per_s=None;packet_size_byte=1500;lambda_mode=flow_per_pair_rate_mbps
541,75,71,500000,88965031089,,slot=88;src=75;dst=71;rate_mbps=2.4;flow_size_byte=500000;packet_lambda_per_s=None;packet_size_byte=1500;lambda_mode=flow_per_pair_rate_mbps
542,72,68,500000,89346130575,,slot=89;src=72;dst=68;rate_mbps=2.4;flow_size_byte=500000;packet_lambda_per_s=None;packet_size_byte=1500;lambda_mode=flow_per_pair_rate_mbps
543,72,68,500000,89990495083,,slot=89;src=72;dst=68;rate_mbps=2.4;flow_size_byte=500000;packet_lambda_per_s=None;packet_size_byte=1500;lambda_mode=flow_per_pair_rate_mbps
544,73,66,500000,90107688245,,slot=90;src=73;dst=66;rate_mbps=2.4;flow_size_byte=500000;packet_lambda_per_s=None;packet_size_byte=1500;lambda_mode=flow_per_pair_rate_mbps
545,74,69,500000,90197377071,,slot=90;src=74;dst=69;rate_mbps=2.4;flow_size_byte=500000;packet_lambda_per_s=None;packet_size_byte=1500;lambda_mode=flow_per_pair_rate_mbps
546,70,67,500000,90528217611,,slot=90;src=70;dst=67;rate_mbps=2.4;flow_size_byte=500000;packet_lambda_per_s=None;packet_size_byte=1500;lambda_mode=flow_per_pair_rate_mbps
547,70,67,500000,91135805344,,slot=91;src=70;dst=67;rate_mbps=2.4;flow_size_byte=500000;packet_lambda_per_s=None;packet_size_byte=1500;lambda_mode=flow_per_pair_rate_mbps
548,68,72,500000,91177404202,,slot=91;src=68;dst=72;rate_mbps=2.4;flow_size_byte=500000;packet_lambda_per_s=None;packet_size_byte=1500;lambda_mode=flow_per_pair_rate_mbps
549,66,73,500000,91425063226,,slot=91;src=66;dst=73;rate_mbps=2.4;flow_size_byte=500000;packet_lambda_per_s=None;packet_size_byte=1500;lambda_mode=flow_per_pair_rate_mbps
550,75,71,500000,91603045415,,slot=91;src=75;dst=71;rate_mbps=2.4;flow_size_byte=500000;packet_lambda_per_s=None;packet_size_byte=1500;lambda_mode=flow_per_pair_rate_mbps
551,73,66,500000,91961477569,,slot=91;src=73;dst=66;rate_mbps=2.4;flow_size_byte=500000;packet_lambda_per_s=None;packet_size_byte=1500;lambda_mode=flow_per_pair_rate_mbps
552,68,72,500000,92084171537,,slot=92;src=68;dst=72;rate_mbps=2.4;flow_size_byte=500000;packet_lambda_per_s=None;packet_size_byte=1500;lambda_mode=flow_per_pair_rate_mbps
553,70,67,500000,92220355778,,slot=92;src=70;dst=67;rate_mbps=2.4;flow_size_byte=500000;packet_lambda_per_s=None;packet_size_byte=1500;lambda_mode=flow_per_pair_rate_mbps
554,73,66,500000,92781957862,,slot=92;src=73;dst=66;rate_mbps=2.4;flow_size_byte=500000;packet_lambda_per_s=None;packet_size_byte=1500;lambda_mode=flow_per_pair_rate_mbps
555,73,66,500000,92981957862,,slot=92;src=73;dst=66;rate_mbps=2.4;flow_size_byte=500000;packet_lambda_per_s=None;packet_size_byte=1500;lambda_mode=flow_per_pair_rate_mbps
556,68,72,500000,93513297455,,slot=93;src=68;dst=72;rate_mbps=2.4;flow_size_byte=500000;packet_lambda_per_s=None;packet_size_byte=1500;lambda_mode=flow_per_pair_rate_mbps
557,66,73,500000,93633453874,,slot=93;src=66;dst=73;rate_mbps=2.4;flow_size_byte=500000;packet_lambda_per_s=None;packet_size_byte=1500;lambda_mode=flow_per_pair_rate_mbps
558,73,66,500000,94006165738,,slot=94;src=73;dst=66;rate_mbps=2.4;flow_size_byte=500000;packet_lambda_per_s=None;packet_size_byte=1500;lambda_mode=flow_per_pair_rate_mbps
559,69,74,500000,94218013457,,slot=94;src=69;dst=74;rate_mbps=2.4;flow_size_byte=500000;packet_lambda_per_s=None;packet_size_byte=1500;lambda_mode=flow_per_pair_rate_mbps
560,68,72,500000,95004110931,,slot=95;src=68;dst=72;rate_mbps=2.4;flow_size_byte=500000;packet_lambda_per_s=None;packet_size_byte=1500;lambda_mode=flow_per_pair_rate_mbps
561,72,68,500000,95083174751,,slot=95;src=72;dst=68;rate_mbps=2.4;flow_size_byte=500000;packet_lambda_per_s=None;packet_size_byte=1500;lambda_mode=flow_per_pair_rate_mbps
562,72,68,500000,95506388401,,slot=95;src=72;dst=68;rate_mbps=2.4;flow_size_byte=500000;packet_lambda_per_s=None;packet_size_byte=1500;lambda_mode=flow_per_pair_rate_mbps
563,70,67,500000,95550443134,,slot=95;src=70;dst=67;rate_mbps=2.4;flow_size_byte=500000;packet_lambda_per_s=None;packet_size_byte=1500;lambda_mode=flow_per_pair_rate_mbps
564,75,71,500000,95564484408,,slot=95;src=75;dst=71;rate_mbps=2.4;flow_size_byte=500000;packet_lambda_per_s=None;packet_size_byte=1500;lambda_mode=flow_per_pair_rate_mbps
565,66,73,500000,95792193943,,slot=95;src=66;dst=73;rate_mbps=2.4;flow_size_byte=500000;packet_lambda_per_s=None;packet_size_byte=1500;lambda_mode=flow_per_pair_rate_mbps
566,71,75,500000,95807299461,,slot=95;src=71;dst=75;rate_mbps=2.4;flow_size_byte=500000;packet_lambda_per_s=None;packet_size_byte=1500;lambda_mode=flow_per_pair_rate_mbps
567,72,68,500000,95946813384,,slot=95;src=72;dst=68;rate_mbps=2.4;flow_size_byte=500000;packet_lambda_per_s=None;packet_size_byte=1500;lambda_mode=flow_per_pair_rate_mbps
568,75,71,500000,96072114454,,slot=96;src=75;dst=71;rate_mbps=2.4;flow_size_byte=500000;packet_lambda_per_s=None;packet_size_byte=1500;lambda_mode=flow_per_pair_rate_mbps
569,70,67,500000,96215505390,,slot=96;src=70;dst=67;rate_mbps=2.4;flow_size_byte=500000;packet_lambda_per_s=None;packet_size_byte=1500;lambda_mode=flow_per_pair_rate_mbps
570,69,74,500000,96248719999,,slot=96;src=69;dst=74;rate_mbps=2.4;flow_size_byte=500000;packet_lambda_per_s=None;packet_size_byte=1500;lambda_mode=flow_per_pair_rate_mbps
571,75,71,500000,96530109789,,slot=96;src=75;dst=71;rate_mbps=2.4;flow_size_byte=500000;packet_lambda_per_s=None;packet_size_byte=1500;lambda_mode=flow_per_pair_rate_mbps
572,71,75,500000,96618299211,,slot=96;src=71;dst=75;rate_mbps=2.4;flow_size_byte=500000;packet_lambda_per_s=None;packet_size_byte=1500;lambda_mode=flow_per_pair_rate_mbps
573,74,69,500000,96753440230,,slot=96;src=74;dst=69;rate_mbps=2.4;flow_size_byte=500000;packet_lambda_per_s=None;packet_size_byte=1500;lambda_mode=flow_per_pair_rate_mbps
574,73,66,500000,96997902844,,slot=96;src=73;dst=66;rate_mbps=2.4;flow_size_byte=500000;packet_lambda_per_s=None;packet_size_byte=1500;lambda_mode=flow_per_pair_rate_mbps
575,67,70,500000,97024841099,,slot=97;src=67;dst=70;rate_mbps=2.4;flow_size_byte=500000;packet_lambda_per_s=None;packet_size_byte=1500;lambda_mode=flow_per_pair_rate_mbps
576,69,74,500000,97107389263,,slot=97;src=69;dst=74;rate_mbps=2.4;flow_size_byte=500000;packet_lambda_per_s=None;packet_size_byte=1500;lambda_mode=flow_per_pair_rate_mbps
577,67,70,500000,97501548281,,slot=97;src=67;dst=70;rate_mbps=2.4;flow_size_byte=500000;packet_lambda_per_s=None;packet_size_byte=1500;lambda_mode=flow_per_pair_rate_mbps
578,71,75,500000,97717177998,,slot=97;src=71;dst=75;rate_mbps=2.4;flow_size_byte=500000;packet_lambda_per_s=None;packet_size_byte=1500;lambda_mode=flow_per_pair_rate_mbps
579,73,66,500000,97808158859,,slot=97;src=73;dst=66;rate_mbps=2.4;flow_size_byte=500000;packet_lambda_per_s=None;packet_size_byte=1500;lambda_mode=flow_per_pair_rate_mbps
580,68,72,500000,97837600334,,slot=97;src=68;dst=72;rate_mbps=2.4;flow_size_byte=500000;packet_lambda_per_s=None;packet_size_byte=1500;lambda_mode=flow_per_pair_rate_mbps
581,75,71,500000,97940671335,,slot=97;src=75;dst=71;rate_mbps=2.4;flow_size_byte=500000;packet_lambda_per_s=None;packet_size_byte=1500;lambda_mode=flow_per_pair_rate_mbps
582,73,66,500000,98008158859,,slot=97;src=73;dst=66;rate_mbps=2.4;flow_size_byte=500000;packet_lambda_per_s=None;packet_size_byte=1500;lambda_mode=flow_per_pair_rate_mbps
583,72,68,500000,98101532965,,slot=98;src=72;dst=68;rate_mbps=2.4;flow_size_byte=500000;packet_lambda_per_s=None;packet_size_byte=1500;lambda_mode=flow_per_pair_rate_mbps
584,71,75,500000,98101624126,,slot=98;src=71;dst=75;rate_mbps=2.4;flow_size_byte=500000;packet_lambda_per_s=None;packet_size_byte=1500;lambda_mode=flow_per_pair_rate_mbps
585,67,70,500000,98429734320,,slot=98;src=67;dst=70;rate_mbps=2.4;flow_size_byte=500000;packet_lambda_per_s=None;packet_size_byte=1500;lambda_mode=flow_per_pair_rate_mbps
586,68,72,500000,98645085844,,slot=98;src=68;dst=72;rate_mbps=2.4;flow_size_byte=500000;packet_lambda_per_s=None;packet_size_byte=1500;lambda_mode=flow_per_pair_rate_mbps
587,75,71,500000,99196604259,,slot=99;src=75;dst=71;rate_mbps=2.4;flow_size_byte=500000;packet_lambda_per_s=None;packet_size_byte=1500;lambda_mode=flow_per_pair_rate_mbps
588,69,74,500000,99306834833,,slot=99;src=69;dst=74;rate_mbps=2.4;flow_size_byte=500000;packet_lambda_per_s=None;packet_size_byte=1500;lambda_mode=flow_per_pair_rate_mbps
589,69,74,500000,99580109892,,slot=99;src=69;dst=74;rate_mbps=2.4;flow_size_byte=500000;packet_lambda_per_s=None;packet_size_byte=1500;lambda_mode=flow_per_pair_rate_mbps
590,69,74,500000,99780109892,,slot=99;src=69;dst=74;rate_mbps=2.4;flow_size_byte=500000;packet_lambda_per_s=None;packet_size_byte=1500;lambda_mode=flow_per_pair_rate_mbps
591,71,75,500000,99904530579,,slot=99;src=71;dst=75;rate_mbps=2.4;flow_size_byte=500000;packet_lambda_per_s=None;packet_size_byte=1500;lambda_mode=flow_per_pair_rate_mbps
592,69,74,500000,99980109892,,slot=99;src=69;dst=74;rate_mbps=2.4;flow_size_byte=500000;packet_lambda_per_s=None;packet_size_byte=1500;lambda_mode=flow_per_pair_rate_mbps
593,66,73,500000,100170201172,,slot=100;src=66;dst=73;rate_mbps=2.4;flow_size_byte=500000;packet_lambda_per_s=None;packet_size_byte=1500;lambda_mode=flow_per_pair_rate_mbps
594,66,73,500000,100370201172,,slot=100;src=66;dst=73;rate_mbps=2.4;flow_size_byte=500000;packet_lambda_per_s=None;packet_size_byte=1500;lambda_mode=flow_per_pair_rate_mbps
595,72,68,500000,100386879745,,slot=100;src=72;dst=68;rate_mbps=2.4;flow_size_byte=500000;packet_lambda_per_s=None;packet_size_byte=1500;lambda_mode=flow_per_pair_rate_mbps
596,74,69,500000,100446107907,,slot=100;src=74;dst=69;rate_mbps=2.4;flow_size_byte=500000;packet_lambda_per_s=None;packet_size_byte=1500;lambda_mode=flow_per_pair_rate_mbps
597,74,69,500000,100690036791,,slot=100;src=74;dst=69;rate_mbps=2.4;flow_size_byte=500000;packet_lambda_per_s=None;packet_size_byte=1500;lambda_mode=flow_per_pair_rate_mbps
598,69,74,500000,100691330180,,slot=100;src=69;dst=74;rate_mbps=2.4;flow_size_byte=500000;packet_lambda_per_s=None;packet_size_byte=1500;lambda_mode=flow_per_pair_rate_mbps
599,67,70,500000,100710230525,,slot=100;src=67;dst=70;rate_mbps=2.4;flow_size_byte=500000;packet_lambda_per_s=None;packet_size_byte=1500;lambda_mode=flow_per_pair_rate_mbps
600,71,75,500000,100763182078,,slot=100;src=71;dst=75;rate_mbps=2.4;flow_size_byte=500000;packet_lambda_per_s=None;packet_size_byte=1500;lambda_mode=flow_per_pair_rate_mbps
601,68,72,500000,100902396249,,slot=100;src=68;dst=72;rate_mbps=2.4;flow_size_byte=500000;packet_lambda_per_s=None;packet_size_byte=1500;lambda_mode=flow_per_pair_rate_mbps
602,74,69,500000,100947376452,,slot=100;src=74;dst=69;rate_mbps=2.4;flow_size_byte=500000;packet_lambda_per_s=None;packet_size_byte=1500;lambda_mode=flow_per_pair_rate_mbps
603,71,75,500000,100963182078,,slot=100;src=71;dst=75;rate_mbps=2.4;flow_size_byte=500000;packet_lambda_per_s=None;packet_size_byte=1500;lambda_mode=flow_per_pair_rate_mbps
604,74,69,500000,101273297695,,slot=101;src=74;dst=69;rate_mbps=2.4;flow_size_byte=500000;packet_lambda_per_s=None;packet_size_byte=1500;lambda_mode=flow_per_pair_rate_mbps
605,69,74,500000,101655778799,,slot=101;src=69;dst=74;rate_mbps=2.4;flow_size_byte=500000;packet_lambda_per_s=None;packet_size_byte=1500;lambda_mode=flow_per_pair_rate_mbps
606,68,72,500000,102611715505,,slot=102;src=68;dst=72;rate_mbps=2.4;flow_size_byte=500000;packet_lambda_per_s=None;packet_size_byte=1500;lambda_mode=flow_per_pair_rate_mbps
607,66,73,500000,102770539620,,slot=102;src=66;dst=73;rate_mbps=2.4;flow_size_byte=500000;packet_lambda_per_s=None;packet_size_byte=1500;lambda_mode=flow_per_pair_rate_mbps
608,75,71,500000,103034002236,,slot=103;src=75;dst=71;rate_mbps=2.4;flow_size_byte=500000;packet_lambda_per_s=None;packet_size_byte=1500;lambda_mode=flow_per_pair_rate_mbps
609,71,75,500000,103080299573,,slot=103;src=71;dst=75;rate_mbps=2.4;flow_size_byte=500000;packet_lambda_per_s=None;packet_size_byte=1500;lambda_mode=flow_per_pair_rate_mbps
610,66,73,500000,103143549412,,slot=103;src=66;dst=73;rate_mbps=2.4;flow_size_byte=500000;packet_lambda_per_s=None;packet_size_byte=1500;lambda_mode=flow_per_pair_rate_mbps
611,75,71,500000,103241653891,,slot=103;src=75;dst=71;rate_mbps=2.4;flow_size_byte=500000;packet_lambda_per_s=None;packet_size_byte=1500;lambda_mode=flow_per_pair_rate_mbps
612,71,75,500000,103526292310,,slot=103;src=71;dst=75;rate_mbps=2.4;flow_size_byte=500000;packet_lambda_per_s=None;packet_size_byte=1500;lambda_mode=flow_per_pair_rate_mbps
613,70,67,500000,103641940226,,slot=103;src=70;dst=67;rate_mbps=2.4;flow_size_byte=500000;packet_lambda_per_s=None;packet_size_byte=1500;lambda_mode=flow_per_pair_rate_mbps
614,73,66,500000,104040169403,,slot=104;src=73;dst=66;rate_mbps=2.4;flow_size_byte=500000;packet_lambda_per_s=None;packet_size_byte=1500;lambda_mode=flow_per_pair_rate_mbps
615,66,73,500000,104069060360,,slot=104;src=66;dst=73;rate_mbps=2.4;flow_size_byte=500000;packet_lambda_per_s=None;packet_size_byte=1500;lambda_mode=flow_per_pair_rate_mbps
616,71,75,500000,104269974619,,slot=104;src=71;dst=75;rate_mbps=2.4;flow_size_byte=500000;packet_lambda_per_s=None;packet_size_byte=1500;lambda_mode=flow_per_pair_rate_mbps
617,72,68,500000,104296153227,,slot=104;src=72;dst=68;rate_mbps=2.4;flow_size_byte=500000;packet_lambda_per_s=None;packet_size_byte=1500;lambda_mode=flow_per_pair_rate_mbps
618,73,66,500000,105048451073,,slot=105;src=73;dst=66;rate_mbps=2.4;flow_size_byte=500000;packet_lambda_per_s=None;packet_size_byte=1500;lambda_mode=flow_per_pair_rate_mbps
619,71,75,500000,105072219317,,slot=105;src=71;dst=75;rate_mbps=2.4;flow_size_byte=500000;packet_lambda_per_s=None;packet_size_byte=1500;lambda_mode=flow_per_pair_rate_mbps
620,73,66,500000,105248451073,,slot=105;src=73;dst=66;rate_mbps=2.4;flow_size_byte=500000;packet_lambda_per_s=None;packet_size_byte=1500;lambda_mode=flow_per_pair_rate_mbps
621,72,68,500000,105850696253,,slot=105;src=72;dst=68;rate_mbps=2.4;flow_size_byte=500000;packet_lambda_per_s=None;packet_size_byte=1500;lambda_mode=flow_per_pair_rate_mbps
622,69,74,500000,106037495597,,slot=106;src=69;dst=74;rate_mbps=2.4;flow_size_byte=500000;packet_lambda_per_s=None;packet_size_byte=1500;lambda_mode=flow_per_pair_rate_mbps
623,74,69,500000,106218350466,,slot=106;src=74;dst=69;rate_mbps=2.4;flow_size_byte=500000;packet_lambda_per_s=None;packet_size_byte=1500;lambda_mode=flow_per_pair_rate_mbps
624,73,66,500000,106416614435,,slot=106;src=73;dst=66;rate_mbps=2.4;flow_size_byte=500000;packet_lambda_per_s=None;packet_size_byte=1500;lambda_mode=flow_per_pair_rate_mbps
625,74,69,500000,106418350466,,slot=106;src=74;dst=69;rate_mbps=2.4;flow_size_byte=500000;packet_lambda_per_s=None;packet_size_byte=1500;lambda_mode=flow_per_pair_rate_mbps
626,67,70,500000,106633161298,,slot=106;src=67;dst=70;rate_mbps=2.4;flow_size_byte=500000;packet_lambda_per_s=None;packet_size_byte=1500;lambda_mode=flow_per_pair_rate_mbps
627,74,69,500000,107169771600,,slot=107;src=74;dst=69;rate_mbps=2.4;flow_size_byte=500000;packet_lambda_per_s=None;packet_size_byte=1500;lambda_mode=flow_per_pair_rate_mbps
628,75,71,500000,107265683010,,slot=107;src=75;dst=71;rate_mbps=2.4;flow_size_byte=500000;packet_lambda_per_s=None;packet_size_byte=1500;lambda_mode=flow_per_pair_rate_mbps
629,75,71,500000,107465683010,,slot=107;src=75;dst=71;rate_mbps=2.4;flow_size_byte=500000;packet_lambda_per_s=None;packet_size_byte=1500;lambda_mode=flow_per_pair_rate_mbps
630,69,74,500000,107783069868,,slot=107;src=69;dst=74;rate_mbps=2.4;flow_size_byte=500000;packet_lambda_per_s=None;packet_size_byte=1500;lambda_mode=flow_per_pair_rate_mbps
631,73,66,500000,107839220046,,slot=107;src=73;dst=66;rate_mbps=2.4;flow_size_byte=500000;packet_lambda_per_s=None;packet_size_byte=1500;lambda_mode=flow_per_pair_rate_mbps
632,66,73,500000,108026379379,,slot=108;src=66;dst=73;rate_mbps=2.4;flow_size_byte=500000;packet_lambda_per_s=None;packet_size_byte=1500;lambda_mode=flow_per_pair_rate_mbps
633,66,73,500000,108226379379,,slot=108;src=66;dst=73;rate_mbps=2.4;flow_size_byte=500000;packet_lambda_per_s=None;packet_size_byte=1500;lambda_mode=flow_per_pair_rate_mbps
634,75,71,500000,108373912670,,slot=108;src=75;dst=71;rate_mbps=2.4;flow_size_byte=500000;packet_lambda_per_s=None;packet_size_byte=1500;lambda_mode=flow_per_pair_rate_mbps
635,69,74,500000,108514991301,,slot=108;src=69;dst=74;rate_mbps=2.4;flow_size_byte=500000;packet_lambda_per_s=None;packet_size_byte=1500;lambda_mode=flow_per_pair_rate_mbps
636,71,75,500000,108952370411,,slot=108;src=71;dst=75;rate_mbps=2.4;flow_size_byte=500000;packet_lambda_per_s=None;packet_size_byte=1500;lambda_mode=flow_per_pair_rate_mbps
637,69,74,500000,109098919022,,slot=109;src=69;dst=74;rate_mbps=2.4;flow_size_byte=500000;packet_lambda_per_s=None;packet_size_byte=1500;lambda_mode=flow_per_pair_rate_mbps
638,74,69,500000,109367922917,,slot=109;src=74;dst=69;rate_mbps=2.4;flow_size_byte=500000;packet_lambda_per_s=None;packet_size_byte=1500;lambda_mode=flow_per_pair_rate_mbps
639,67,70,500000,109866880167,,slot=109;src=67;dst=70;rate_mbps=2.4;flow_size_byte=500000;packet_lambda_per_s=None;packet_size_byte=1500;lambda_mode=flow_per_pair_rate_mbps
640,71,75,500000,110089918346,,slot=110;src=71;dst=75;rate_mbps=2.4;flow_size_byte=500000;packet_lambda_per_s=None;packet_size_byte=1500;lambda_mode=flow_per_pair_rate_mbps
641,72,68,500000,110353692148,,slot=110;src=72;dst=68;rate_mbps=2.4;flow_size_byte=500000;packet_lambda_per_s=None;packet_size_byte=1500;lambda_mode=flow_per_pair_rate_mbps
642,75,71,500000,110418058943,,slot=110;src=75;dst=71;rate_mbps=2.4;flow_size_byte=500000;packet_lambda_per_s=None;packet_size_byte=1500;lambda_mode=flow_per_pair_rate_mbps
643,71,75,500000,110595135932,,slot=110;src=71;dst=75;rate_mbps=2.4;flow_size_byte=500000;packet_lambda_per_s=None;packet_size_byte=1500;lambda_mode=flow_per_pair_rate_mbps
644,67,70,500000,110713221316,,slot=110;src=67;dst=70;rate_mbps=2.4;flow_size_byte=500000;packet_lambda_per_s=None;packet_size_byte=1500;lambda_mode=flow_per_pair_rate_mbps
645,70,67,500000,110738740652,,slot=110;src=70;dst=67;rate_mbps=2.4;flow_size_byte=500000;packet_lambda_per_s=None;packet_size_byte=1500;lambda_mode=flow_per_pair_rate_mbps
646,70,67,500000,111010057869,,slot=111;src=70;dst=67;rate_mbps=2.4;flow_size_byte=500000;packet_lambda_per_s=None;packet_size_byte=1500;lambda_mode=flow_per_pair_rate_mbps
647,73,66,500000,111026447614,,slot=111;src=73;dst=66;rate_mbps=2.4;flow_size_byte=500000;packet_lambda_per_s=None;packet_size_byte=1500;lambda_mode=flow_per_pair_rate_mbps
648,72,68,500000,111293454581,,slot=111;src=72;dst=68;rate_mbps=2.4;flow_size_byte=500000;packet_lambda_per_s=None;packet_size_byte=1500;lambda_mode=flow_per_pair_rate_mbps
649,72,68,500000,111689372752,,slot=111;src=72;dst=68;rate_mbps=2.4;flow_size_byte=500000;packet_lambda_per_s=None;packet_size_byte=1500;lambda_mode=flow_per_pair_rate_mbps
650,70,67,500000,111807750934,,slot=111;src=70;dst=67;rate_mbps=2.4;flow_size_byte=500000;packet_lambda_per_s=None;packet_size_byte=1500;lambda_mode=flow_per_pair_rate_mbps
651,66,73,500000,111820253753,,slot=111;src=66;dst=73;rate_mbps=2.4;flow_size_byte=500000;packet_lambda_per_s=None;packet_size_byte=1500;lambda_mode=flow_per_pair_rate_mbps
652,69,74,500000,112273759720,,slot=112;src=69;dst=74;rate_mbps=2.4;flow_size_byte=500000;packet_lambda_per_s=None;packet_size_byte=1500;lambda_mode=flow_per_pair_rate_mbps
653,68,72,500000,112799744625,,slot=112;src=68;dst=72;rate_mbps=2.4;flow_size_byte=500000;packet_lambda_per_s=None;packet_size_byte=1500;lambda_mode=flow_per_pair_rate_mbps
654,75,71,500000,112821826240,,slot=112;src=75;dst=71;rate_mbps=2.4;flow_size_byte=500000;packet_lambda_per_s=None;packet_size_byte=1500;lambda_mode=flow_per_pair_rate_mbps
655,70,67,500000,113134572017,,slot=113;src=70;dst=67;rate_mbps=2.4;flow_size_byte=500000;packet_lambda_per_s=None;packet_size_byte=1500;lambda_mode=flow_per_pair_rate_mbps
656,72,68,500000,113238021654,,slot=113;src=72;dst=68;rate_mbps=2.4;flow_size_byte=500000;packet_lambda_per_s=None;packet_size_byte=1500;lambda_mode=flow_per_pair_rate_mbps
657,75,71,500000,113266806087,,slot=113;src=75;dst=71;rate_mbps=2.4;flow_size_byte=500000;packet_lambda_per_s=None;packet_size_byte=1500;lambda_mode=flow_per_pair_rate_mbps
658,70,67,500000,113464613131,,slot=113;src=70;dst=67;rate_mbps=2.4;flow_size_byte=500000;packet_lambda_per_s=None;packet_size_byte=1500;lambda_mode=flow_per_pair_rate_mbps
659,66,73,500000,113478492103,,slot=113;src=66;dst=73;rate_mbps=2.4;flow_size_byte=500000;packet_lambda_per_s=None;packet_size_byte=1500;lambda_mode=flow_per_pair_rate_mbps
660,69,74,500000,113575484880,,slot=113;src=69;dst=74;rate_mbps=2.4;flow_size_byte=500000;packet_lambda_per_s=None;packet_size_byte=1500;lambda_mode=flow_per_pair_rate_mbps
661,75,71,500000,113644798299,,slot=113;src=75;dst=71;rate_mbps=2.4;flow_size_byte=500000;packet_lambda_per_s=None;packet_size_byte=1500;lambda_mode=flow_per_pair_rate_mbps
662,74,69,500000,113757921711,,slot=113;src=74;dst=69;rate_mbps=2.4;flow_size_byte=500000;packet_lambda_per_s=None;packet_size_byte=1500;lambda_mode=flow_per_pair_rate_mbps
663,75,71,500000,113844798299,,slot=113;src=75;dst=71;rate_mbps=2.4;flow_size_byte=500000;packet_lambda_per_s=None;packet_size_byte=1500;lambda_mode=flow_per_pair_rate_mbps
664,73,66,500000,113928985190,,slot=113;src=73;dst=66;rate_mbps=2.4;flow_size_byte=500000;packet_lambda_per_s=None;packet_size_byte=1500;lambda_mode=flow_per_pair_rate_mbps
665,67,70,500000,113987238000,,slot=113;src=67;dst=70;rate_mbps=2.4;flow_size_byte=500000;packet_lambda_per_s=None;packet_size_byte=1500;lambda_mode=flow_per_pair_rate_mbps
666,68,72,500000,114033193927,,slot=114;src=68;dst=72;rate_mbps=2.4;flow_size_byte=500000;packet_lambda_per_s=None;packet_size_byte=1500;lambda_mode=flow_per_pair_rate_mbps
667,73,66,500000,114128985190,,slot=114;src=73;dst=66;rate_mbps=2.4;flow_size_byte=500000;packet_lambda_per_s=None;packet_size_byte=1500;lambda_mode=flow_per_pair_rate_mbps
668,75,71,500000,114137101929,,slot=114;src=75;dst=71;rate_mbps=2.4;flow_size_byte=500000;packet_lambda_per_s=None;packet_size_byte=1500;lambda_mode=flow_per_pair_rate_mbps
669,67,70,500000,114356815760,,slot=114;src=67;dst=70;rate_mbps=2.4;flow_size_byte=500000;packet_lambda_per_s=None;packet_size_byte=1500;lambda_mode=flow_per_pair_rate_mbps
670,73,66,500000,114530280645,,slot=114;src=73;dst=66;rate_mbps=2.4;flow_size_byte=500000;packet_lambda_per_s=None;packet_size_byte=1500;lambda_mode=flow_per_pair_rate_mbps
671,71,75,500000,114534628324,,slot=114;src=71;dst=75;rate_mbps=2.4;flow_size_byte=500000;packet_lambda_per_s=None;packet_size_byte=1500;lambda_mode=flow_per_pair_rate_mbps
672,72,68,500000,114556819083,,slot=114;src=72;dst=68;rate_mbps=2.4;flow_size_byte=500000;packet_lambda_per_s=None;packet_size_byte=1500;lambda_mode=flow_per_pair_rate_mbps
673,73,66,500000,114730280645,,slot=114;src=73;dst=66;rate_mbps=2.4;flow_size_byte=500000;packet_lambda_per_s=None;packet_size_byte=1500;lambda_mode=flow_per_pair_rate_mbps
674,70,67,500000,114741854627,,slot=114;src=70;dst=67;rate_mbps=2.4;flow_size_byte=500000;packet_lambda_per_s=None;packet_size_byte=1500;lambda_mode=flow_per_pair_rate_mbps
675,66,73,500000,114743084442,,slot=114;src=66;dst=73;rate_mbps=2.4;flow_size_byte=500000;packet_lambda_per_s=None;packet_size_byte=1500;lambda_mode=flow_per_pair_rate_mbps
676,73,66,500000,115009340817,,slot=115;src=73;dst=66;rate_mbps=2.4;flow_size_byte=500000;packet_lambda_per_s=None;packet_size_byte=1500;lambda_mode=flow_per_pair_rate_mbps
677,69,74,500000,115033384496,,slot=115;src=69;dst=74;rate_mbps=2.4;flow_size_byte=500000;packet_lambda_per_s=None;packet_size_byte=1500;lambda_mode=flow_per_pair_rate_mbps
678,69,74,500000,115233384496,,slot=115;src=69;dst=74;rate_mbps=2.4;flow_size_byte=500000;packet_lambda_per_s=None;packet_size_byte=1500;lambda_mode=flow_per_pair_rate_mbps
679,74,69,500000,115452257578,,slot=115;src=74;dst=69;rate_mbps=2.4;flow_size_byte=500000;packet_lambda_per_s=None;packet_size_byte=1500;lambda_mode=flow_per_pair_rate_mbps
680,75,71,500000,115467123303,,slot=115;src=75;dst=71;rate_mbps=2.4;flow_size_byte=500000;packet_lambda_per_s=None;packet_size_byte=1500;lambda_mode=flow_per_pair_rate_mbps
681,68,72,500000,115481996618,,slot=115;src=68;dst=72;rate_mbps=2.4;flow_size_byte=500000;packet_lambda_per_s=None;packet_size_byte=1500;lambda_mode=flow_per_pair_rate_mbps
682,67,70,500000,115572643260,,slot=115;src=67;dst=70;rate_mbps=2.4;flow_size_byte=500000;packet_lambda_per_s=None;packet_size_byte=1500;lambda_mode=flow_per_pair_rate_mbps
683,68,72,500000,115681996618,,slot=115;src=68;dst=72;rate_mbps=2.4;flow_size_byte=500000;packet_lambda_per_s=None;packet_size_byte=1500;lambda_mode=flow_per_pair_rate_mbps
684,73,66,500000,115775657542,,slot=115;src=73;dst=66;rate_mbps=2.4;flow_size_byte=500000;packet_lambda_per_s=None;packet_size_byte=1500;lambda_mode=flow_per_pair_rate_mbps
685,70,67,500000,115984513407,,slot=115;src=70;dst=67;rate_mbps=2.4;flow_size_byte=500000;packet_lambda_per_s=None;packet_size_byte=1500;lambda_mode=flow_per_pair_rate_mbps
686,67,70,500000,116278020278,,slot=116;src=67;dst=70;rate_mbps=2.4;flow_size_byte=500000;packet_lambda_per_s=None;packet_size_byte=1500;lambda_mode=flow_per_pair_rate_mbps
687,74,69,500000,116322783064,,slot=116;src=74;dst=69;rate_mbps=2.4;flow_size_byte=500000;packet_lambda_per_s=None;packet_size_byte=1500;lambda_mode=flow_per_pair_rate_mbps
688,66,73,500000,116375648724,,slot=116;src=66;dst=73;rate_mbps=2.4;flow_size_byte=500000;packet_lambda_per_s=None;packet_size_byte=1500;lambda_mode=flow_per_pair_rate_mbps
689,69,74,500000,116429875804,,slot=116;src=69;dst=74;rate_mbps=2.4;flow_size_byte=500000;packet_lambda_per_s=None;packet_size_byte=1500;lambda_mode=flow_per_pair_rate_mbps
690,71,75,500000,116656114387,,slot=116;src=71;dst=75;rate_mbps=2.4;flow_size_byte=500000;packet_lambda_per_s=None;packet_size_byte=1500;lambda_mode=flow_per_pair_rate_mbps
691,74,69,500000,116686944958,,slot=116;src=74;dst=69;rate_mbps=2.4;flow_size_byte=500000;packet_lambda_per_s=None;packet_size_byte=1500;lambda_mode=flow_per_pair_rate_mbps
692,68,72,500000,116953408830,,slot=116;src=68;dst=72;rate_mbps=2.4;flow_size_byte=500000;packet_lambda_per_s=None;packet_size_byte=1500;lambda_mode=flow_per_pair_rate_mbps
693,71,75,500000,117352061255,,slot=117;src=71;dst=75;rate_mbps=2.4;flow_size_byte=500000;packet_lambda_per_s=None;packet_size_byte=1500;lambda_mode=flow_per_pair_rate_mbps
694,75,71,500000,117397637915,,slot=117;src=75;dst=71;rate_mbps=2.4;flow_size_byte=500000;packet_lambda_per_s=None;packet_size_byte=1500;lambda_mode=flow_per_pair_rate_mbps
695,74,69,500000,117480327561,,slot=117;src=74;dst=69;rate_mbps=2.4;flow_size_byte=500000;packet_lambda_per_s=None;packet_size_byte=1500;lambda_mode=flow_per_pair_rate_mbps
696,75,71,500000,117739626294,,slot=117;src=75;dst=71;rate_mbps=2.4;flow_size_byte=500000;packet_lambda_per_s=None;packet_size_byte=1500;lambda_mode=flow_per_pair_rate_mbps
697,66,73,500000,117755612420,,slot=117;src=66;dst=73;rate_mbps=2.4;flow_size_byte=500000;packet_lambda_per_s=None;packet_size_byte=1500;lambda_mode=flow_per_pair_rate_mbps
698,75,71,500000,117939626294,,slot=117;src=75;dst=71;rate_mbps=2.4;flow_size_byte=500000;packet_lambda_per_s=None;packet_size_byte=1500;lambda_mode=flow_per_pair_rate_mbps
699,67,70,500000,117991862145,,slot=117;src=67;dst=70;rate_mbps=2.4;flow_size_byte=500000;packet_lambda_per_s=None;packet_size_byte=1500;lambda_mode=flow_per_pair_rate_mbps
700,74,69,500000,118339455603,,slot=118;src=74;dst=69;rate_mbps=2.4;flow_size_byte=500000;packet_lambda_per_s=None;packet_size_byte=1500;lambda_mode=flow_per_pair_rate_mbps
701,71,75,500000,118536378188,,slot=118;src=71;dst=75;rate_mbps=2.4;flow_size_byte=500000;packet_lambda_per_s=None;packet_size_byte=1500;lambda_mode=flow_per_pair_rate_mbps
702,71,75,500000,118942476539,,slot=118;src=71;dst=75;rate_mbps=2.4;flow_size_byte=500000;packet_lambda_per_s=None;packet_size_byte=1500;lambda_mode=flow_per_pair_rate_mbps
703,70,67,500000,119132438025,,slot=119;src=70;dst=67;rate_mbps=2.4;flow_size_byte=500000;packet_lambda_per_s=None;packet_size_byte=1500;lambda_mode=flow_per_pair_rate_mbps
704,67,70,500000,119660184829,,slot=119;src=67;dst=70;rate_mbps=2.4;flow_size_byte=500000;packet_lambda_per_s=None;packet_size_byte=1500;lambda_mode=flow_per_pair_rate_mbps
705,72,68,500000,119752499762,,slot=119;src=72;dst=68;rate_mbps=2.4;flow_size_byte=500000;packet_lambda_per_s=None;packet_size_byte=1500;lambda_mode=flow_per_pair_rate_mbps
706,75,71,500000,119864881582,,slot=119;src=75;dst=71;rate_mbps=2.4;flow_size_byte=500000;packet_lambda_per_s=None;packet_size_byte=1500;lambda_mode=flow_per_pair_rate_mbps
707,66,73,500000,120044359682,,slot=120;src=66;dst=73;rate_mbps=2.4;flow_size_byte=500000;packet_lambda_per_s=None;packet_size_byte=1500;lambda_mode=flow_per_pair_rate_mbps
708,75,71,500000,120284184124,,slot=120;src=75;dst=71;rate_mbps=2.4;flow_size_byte=500000;packet_lambda_per_s=None;packet_size_byte=1500;lambda_mode=flow_per_pair_rate_mbps
709,66,73,500000,120286781157,,slot=120;src=66;dst=73;rate_mbps=2.4;flow_size_byte=500000;packet_lambda_per_s=None;packet_size_byte=1500;lambda_mode=flow_per_pair_rate_mbps
710,74,69,500000,120548979902,,slot=120;src=74;dst=69;rate_mbps=2.4;flow_size_byte=500000;packet_lambda_per_s=None;packet_size_byte=1500;lambda_mode=flow_per_pair_rate_mbps
711,66,73,500000,120881727038,,slot=120;src=66;dst=73;rate_mbps=2.4;flow_size_byte=500000;packet_lambda_per_s=None;packet_size_byte=1500;lambda_mode=flow_per_pair_rate_mbps
712,73,66,500000,120928304311,,slot=120;src=73;dst=66;rate_mbps=2.4;flow_size_byte=500000;packet_lambda_per_s=None;packet_size_byte=1500;lambda_mode=flow_per_pair_rate_mbps
713,66,73,500000,121081727038,,slot=121;src=66;dst=73;rate_mbps=2.4;flow_size_byte=500000;packet_lambda_per_s=None;packet_size_byte=1500;lambda_mode=flow_per_pair_rate_mbps
714,68,72,500000,121226854062,,slot=121;src=68;dst=72;rate_mbps=2.4;flow_size_byte=500000;packet_lambda_per_s=None;packet_size_byte=1500;lambda_mode=flow_per_pair_rate_mbps
715,66,73,500000,121341654273,,slot=121;src=66;dst=73;rate_mbps=2.4;flow_size_byte=500000;packet_lambda_per_s=None;packet_size_byte=1500;lambda_mode=flow_per_pair_rate_mbps
716,71,75,500000,121550288586,,slot=121;src=71;dst=75;rate_mbps=2.4;flow_size_byte=500000;packet_lambda_per_s=None;packet_size_byte=1500;lambda_mode=flow_per_pair_rate_mbps
717,69,74,500000,121835932767,,slot=121;src=69;dst=74;rate_mbps=2.4;flow_size_byte=500000;packet_lambda_per_s=None;packet_size_byte=1500;lambda_mode=flow_per_pair_rate_mbps
718,71,75,500000,122480262317,,slot=122;src=71;dst=75;rate_mbps=2.4;flow_size_byte=500000;packet_lambda_per_s=None;packet_size_byte=1500;lambda_mode=flow_per_pair_rate_mbps
719,67,70,500000,122490560852,,slot=122;src=67;dst=70;rate_mbps=2.4;flow_size_byte=500000;packet_lambda_per_s=None;packet_size_byte=1500;lambda_mode=flow_per_pair_rate_mbps
720,71,75,500000,122680262317,,slot=122;src=71;dst=75;rate_mbps=2.4;flow_size_byte=500000;packet_lambda_per_s=None;packet_size_byte=1500;lambda_mode=flow_per_pair_rate_mbps
721,73,66,500000,122725729111,,slot=122;src=73;dst=66;rate_mbps=2.4;flow_size_byte=500000;packet_lambda_per_s=None;packet_size_byte=1500;lambda_mode=flow_per_pair_rate_mbps
722,69,74,500000,122748003095,,slot=122;src=69;dst=74;rate_mbps=2.4;flow_size_byte=500000;packet_lambda_per_s=None;packet_size_byte=1500;lambda_mode=flow_per_pair_rate_mbps
723,73,66,500000,122928975074,,slot=122;src=73;dst=66;rate_mbps=2.4;flow_size_byte=500000;packet_lambda_per_s=None;packet_size_byte=1500;lambda_mode=flow_per_pair_rate_mbps
724,72,68,500000,123098275399,,slot=123;src=72;dst=68;rate_mbps=2.4;flow_size_byte=500000;packet_lambda_per_s=None;packet_size_byte=1500;lambda_mode=flow_per_pair_rate_mbps
725,72,68,500000,123298275399,,slot=123;src=72;dst=68;rate_mbps=2.4;flow_size_byte=500000;packet_lambda_per_s=None;packet_size_byte=1500;lambda_mode=flow_per_pair_rate_mbps
726,70,67,500000,123329222470,,slot=123;src=70;dst=67;rate_mbps=2.4;flow_size_byte=500000;packet_lambda_per_s=None;packet_size_byte=1500;lambda_mode=flow_per_pair_rate_mbps
727,73,66,500000,123482779323,,slot=123;src=73;dst=66;rate_mbps=2.4;flow_size_byte=500000;packet_lambda_per_s=None;packet_size_byte=1500;lambda_mode=flow_per_pair_rate_mbps
728,75,71,500000,123852139216,,slot=123;src=75;dst=71;rate_mbps=2.4;flow_size_byte=500000;packet_lambda_per_s=None;packet_size_byte=1500;lambda_mode=flow_per_pair_rate_mbps
729,66,73,500000,123907664825,,slot=123;src=66;dst=73;rate_mbps=2.4;flow_size_byte=500000;packet_lambda_per_s=None;packet_size_byte=1500;lambda_mode=flow_per_pair_rate_mbps
730,75,71,500000,124052139216,,slot=123;src=75;dst=71;rate_mbps=2.4;flow_size_byte=500000;packet_lambda_per_s=None;packet_size_byte=1500;lambda_mode=flow_per_pair_rate_mbps
731,71,75,500000,124067716123,,slot=124;src=71;dst=75;rate_mbps=2.4;flow_size_byte=500000;packet_lambda_per_s=None;packet_size_byte=1500;lambda_mode=flow_per_pair_rate_mbps
732,72,68,500000,124128038627,,slot=124;src=72;dst=68;rate_mbps=2.4;flow_size_byte=500000;packet_lambda_per_s=None;packet_size_byte=1500;lambda_mode=flow_per_pair_rate_mbps
733,69,74,500000,124165040790,,slot=124;src=69;dst=74;rate_mbps=2.4;flow_size_byte=500000;packet_lambda_per_s=None;packet_size_byte=1500;lambda_mode=flow_per_pair_rate_mbps
734,74,69,500000,124344786272,,slot=124;src=74;dst=69;rate_mbps=2.4;flow_size_byte=500000;packet_lambda_per_s=None;packet_size_byte=1500;lambda_mode=flow_per_pair_rate_mbps
735,74,69,500000,124822471422,,slot=124;src=74;dst=69;rate_mbps=2.4;flow_size_byte=500000;packet_lambda_per_s=None;packet_size_byte=1500;lambda_mode=flow_per_pair_rate_mbps
736,73,66,500000,124837664265,,slot=124;src=73;dst=66;rate_mbps=2.4;flow_size_byte=500000;packet_lambda_per_s=None;packet_size_byte=1500;lambda_mode=flow_per_pair_rate_mbps
737,75,71,500000,124905521018,,slot=124;src=75;dst=71;rate_mbps=2.4;flow_size_byte=500000;packet_lambda_per_s=None;packet_size_byte=1500;lambda_mode=flow_per_pair_rate_mbps
738,70,67,500000,124909228442,,slot=124;src=70;dst=67;rate_mbps=2.4;flow_size_byte=500000;packet_lambda_per_s=None;packet_size_byte=1500;lambda_mode=flow_per_pair_rate_mbps
739,72,68,500000,125317191106,,slot=125;src=72;dst=68;rate_mbps=2.4;flow_size_byte=500000;packet_lambda_per_s=None;packet_size_byte=1500;lambda_mode=flow_per_pair_rate_mbps
740,66,73,500000,125391775518,,slot=125;src=66;dst=73;rate_mbps=2.4;flow_size_byte=500000;packet_lambda_per_s=None;packet_size_byte=1500;lambda_mode=flow_per_pair_rate_mbps
741,71,75,500000,125416190470,,slot=125;src=71;dst=75;rate_mbps=2.4;flow_size_byte=500000;packet_lambda_per_s=None;packet_size_byte=1500;lambda_mode=flow_per_pair_rate_mbps
742,75,71,500000,125464993808,,slot=125;src=75;dst=71;rate_mbps=2.4;flow_size_byte=500000;packet_lambda_per_s=None;packet_size_byte=1500;lambda_mode=flow_per_pair_rate_mbps
743,74,69,500000,125521392926,,slot=125;src=74;dst=69;rate_mbps=2.4;flow_size_byte=500000;packet_lambda_per_s=None;packet_size_byte=1500;lambda_mode=flow_per_pair_rate_mbps
744,74,69,500000,125721392926,,slot=125;src=74;dst=69;rate_mbps=2.4;flow_size_byte=500000;packet_lambda_per_s=None;packet_size_byte=1500;lambda_mode=flow_per_pair_rate_mbps
745,70,67,500000,125850458994,,slot=125;src=70;dst=67;rate_mbps=2.4;flow_size_byte=500000;packet_lambda_per_s=None;packet_size_byte=1500;lambda_mode=flow_per_pair_rate_mbps
746,74,69,500000,125921392926,,slot=125;src=74;dst=69;rate_mbps=2.4;flow_size_byte=500000;packet_lambda_per_s=None;packet_size_byte=1500;lambda_mode=flow_per_pair_rate_mbps
747,68,72,500000,125999971204,,slot=125;src=68;dst=72;rate_mbps=2.4;flow_size_byte=500000;packet_lambda_per_s=None;packet_size_byte=1500;lambda_mode=flow_per_pair_rate_mbps
748,74,69,500000,126163127828,,slot=126;src=74;dst=69;rate_mbps=2.4;flow_size_byte=500000;packet_lambda_per_s=None;packet_size_byte=1500;lambda_mode=flow_per_pair_rate_mbps
749,70,67,500000,126251242902,,slot=126;src=70;dst=67;rate_mbps=2.4;flow_size_byte=500000;packet_lambda_per_s=None;packet_size_byte=1500;lambda_mode=flow_per_pair_rate_mbps
750,72,68,500000,126338453698,,slot=126;src=72;dst=68;rate_mbps=2.4;flow_size_byte=500000;packet_lambda_per_s=None;packet_size_byte=1500;lambda_mode=flow_per_pair_rate_mbps
751,70,67,500000,126590294668,,slot=126;src=70;dst=67;rate_mbps=2.4;flow_size_byte=500000;packet_lambda_per_s=None;packet_size_byte=1500;lambda_mode=flow_per_pair_rate_mbps
752,74,69,500000,126594073744,,slot=126;src=74;dst=69;rate_mbps=2.4;flow_size_byte=500000;packet_lambda_per_s=None;packet_size_byte=1500;lambda_mode=flow_per_pair_rate_mbps
753,73,66,500000,126795301492,,slot=126;src=73;dst=66;rate_mbps=2.4;flow_size_byte=500000;packet_lambda_per_s=None;packet_size_byte=1500;lambda_mode=flow_per_pair_rate_mbps
754,75,71,500000,127655142370,,slot=127;src=75;dst=71;rate_mbps=2.4;flow_size_byte=500000;packet_lambda_per_s=None;packet_size_byte=1500;lambda_mode=flow_per_pair_rate_mbps
755,67,70,500000,127779081875,,slot=127;src=67;dst=70;rate_mbps=2.4;flow_size_byte=500000;packet_lambda_per_s=None;packet_size_byte=1500;lambda_mode=flow_per_pair_rate_mbps
756,70,67,500000,127844671291,,slot=127;src=70;dst=67;rate_mbps=2.4;flow_size_byte=500000;packet_lambda_per_s=None;packet_size_byte=1500;lambda_mode=flow_per_pair_rate_mbps
757,74,69,500000,127883742872,,slot=127;src=74;dst=69;rate_mbps=2.4;flow_size_byte=500000;packet_lambda_per_s=None;packet_size_byte=1500;lambda_mode=flow_per_pair_rate_mbps
758,68,72,500000,127987522341,,slot=127;src=68;dst=72;rate_mbps=2.4;flow_size_byte=500000;packet_lambda_per_s=None;packet_size_byte=1500;lambda_mode=flow_per_pair_rate_mbps
759,73,66,500000,128171951026,,slot=128;src=73;dst=66;rate_mbps=2.4;flow_size_byte=500000;packet_lambda_per_s=None;packet_size_byte=1500;lambda_mode=flow_per_pair_rate_mbps
760,72,68,500000,128465244489,,slot=128;src=72;dst=68;rate_mbps=2.4;flow_size_byte=500000;packet_lambda_per_s=None;packet_size_byte=1500;lambda_mode=flow_per_pair_rate_mbps
761,69,74,500000,128781342352,,slot=128;src=69;dst=74;rate_mbps=2.4;flow_size_byte=500000;packet_lambda_per_s=None;packet_size_byte=1500;lambda_mode=flow_per_pair_rate_mbps
762,75,71,500000,128792366145,,slot=128;src=75;dst=71;rate_mbps=2.4;flow_size_byte=500000;packet_lambda_per_s=None;packet_size_byte=1500;lambda_mode=flow_per_pair_rate_mbps
763,69,74,500000,128981342352,,slot=128;src=69;dst=74;rate_mbps=2.4;flow_size_byte=500000;packet_lambda_per_s=None;packet_size_byte=1500;lambda_mode=flow_per_pair_rate_mbps
764,74,69,500000,129124363707,,slot=129;src=74;dst=69;rate_mbps=2.4;flow_size_byte=500000;packet_lambda_per_s=None;packet_size_byte=1500;lambda_mode=flow_per_pair_rate_mbps
765,74,69,500000,129324363707,,slot=129;src=74;dst=69;rate_mbps=2.4;flow_size_byte=500000;packet_lambda_per_s=None;packet_size_byte=1500;lambda_mode=flow_per_pair_rate_mbps
766,68,72,500000,129374617437,,slot=129;src=68;dst=72;rate_mbps=2.4;flow_size_byte=500000;packet_lambda_per_s=None;packet_size_byte=1500;lambda_mode=flow_per_pair_rate_mbps
767,74,69,500000,129524363707,,slot=129;src=74;dst=69;rate_mbps=2.4;flow_size_byte=500000;packet_lambda_per_s=None;packet_size_byte=1500;lambda_mode=flow_per_pair_rate_mbps
768,70,67,500000,129598751618,,slot=129;src=70;dst=67;rate_mbps=2.4;flow_size_byte=500000;packet_lambda_per_s=None;packet_size_byte=1500;lambda_mode=flow_per_pair_rate_mbps
769,74,69,500000,129724363707,,slot=129;src=74;dst=69;rate_mbps=2.4;flow_size_byte=500000;packet_lambda_per_s=None;packet_size_byte=1500;lambda_mode=flow_per_pair_rate_mbps
770,66,73,500000,129728877359,,slot=129;src=66;dst=73;rate_mbps=2.4;flow_size_byte=500000;packet_lambda_per_s=None;packet_size_byte=1500;lambda_mode=flow_per_pair_rate_mbps
771,67,70,500000,129747084295,,slot=129;src=67;dst=70;rate_mbps=2.4;flow_size_byte=500000;packet_lambda_per_s=None;packet_size_byte=1500;lambda_mode=flow_per_pair_rate_mbps
772,75,71,500000,129863871048,,slot=129;src=75;dst=71;rate_mbps=2.4;flow_size_byte=500000;packet_lambda_per_s=None;packet_size_byte=1500;lambda_mode=flow_per_pair_rate_mbps
773,74,69,500000,129924363707,,slot=129;src=74;dst=69;rate_mbps=2.4;flow_size_byte=500000;packet_lambda_per_s=None;packet_size_byte=1500;lambda_mode=flow_per_pair_rate_mbps
774,73,66,500000,130196191737,,slot=130;src=73;dst=66;rate_mbps=2.4;flow_size_byte=500000;packet_lambda_per_s=None;packet_size_byte=1500;lambda_mode=flow_per_pair_rate_mbps
775,72,68,500000,130437173388,,slot=130;src=72;dst=68;rate_mbps=2.4;flow_size_byte=500000;packet_lambda_per_s=None;packet_size_byte=1500;lambda_mode=flow_per_pair_rate_mbps
776,75,71,500000,130852858003,,slot=130;src=75;dst=71;rate_mbps=2.4;flow_size_byte=500000;packet_lambda_per_s=None;packet_size_byte=1500;lambda_mode=flow_per_pair_rate_mbps
777,67,70,500000,131022745454,,slot=131;src=67;dst=70;rate_mbps=2.4;flow_size_byte=500000;packet_lambda_per_s=None;packet_size_byte=1500;lambda_mode=flow_per_pair_rate_mbps
778,70,67,500000,131124196488,,slot=131;src=70;dst=67;rate_mbps=2.4;flow_size_byte=500000;packet_lambda_per_s=None;packet_size_byte=1500;lambda_mode=flow_per_pair_rate_mbps
779,72,68,500000,131229377900,,slot=131;src=72;dst=68;rate_mbps=2.4;flow_size_byte=500000;packet_lambda_per_s=None;packet_size_byte=1500;lambda_mode=flow_per_pair_rate_mbps
780,67,70,500000,131494068200,,slot=131;src=67;dst=70;rate_mbps=2.4;flow_size_byte=500000;packet_lambda_per_s=None;packet_size_byte=1500;lambda_mode=flow_per_pair_rate_mbps
781,72,68,500000,133077222632,,slot=133;src=72;dst=68;rate_mbps=2.4;flow_size_byte=500000;packet_lambda_per_s=None;packet_size_byte=1500;lambda_mode=flow_per_pair_rate_mbps
782,70,67,500000,133269771816,,slot=133;src=70;dst=67;rate_mbps=2.4;flow_size_byte=500000;packet_lambda_per_s=None;packet_size_byte=1500;lambda_mode=flow_per_pair_rate_mbps
783,72,68,500000,133277222632,,slot=133;src=72;dst=68;rate_mbps=2.4;flow_size_byte=500000;packet_lambda_per_s=None;packet_size_byte=1500;lambda_mode=flow_per_pair_rate_mbps
784,66,73,500000,133345086326,,slot=133;src=66;dst=73;rate_mbps=2.4;flow_size_byte=500000;packet_lambda_per_s=None;packet_size_byte=1500;lambda_mode=flow_per_pair_rate_mbps
785,73,66,500000,133620743277,,slot=133;src=73;dst=66;rate_mbps=2.4;flow_size_byte=500000;packet_lambda_per_s=None;packet_size_byte=1500;lambda_mode=flow_per_pair_rate_mbps
786,72,68,500000,133627978751,,slot=133;src=72;dst=68;rate_mbps=2.4;flow_size_byte=500000;packet_lambda_per_s=None;packet_size_byte=1500;lambda_mode=flow_per_pair_rate_mbps
787,73,66,500000,133820743277,,slot=133;src=73;dst=66;rate_mbps=2.4;flow_size_byte=500000;packet_lambda_per_s=None;packet_size_byte=1500;lambda_mode=flow_per_pair_rate_mbps
788,70,67,500000,133962045963,,slot=133;src=70;dst=67;rate_mbps=2.4;flow_size_byte=500000;packet_lambda_per_s=None;packet_size_byte=1500;lambda_mode=flow_per_pair_rate_mbps
789,66,73,500000,134043739529,,slot=134;src=66;dst=73;rate_mbps=2.4;flow_size_byte=500000;packet_lambda_per_s=None;packet_size_byte=1500;lambda_mode=flow_per_pair_rate_mbps
790,71,75,500000,134354703673,,slot=134;src=71;dst=75;rate_mbps=2.4;flow_size_byte=500000;packet_lambda_per_s=None;packet_size_byte=1500;lambda_mode=flow_per_pair_rate_mbps
791,67,70,500000,134491961804,,slot=134;src=67;dst=70;rate_mbps=2.4;flow_size_byte=500000;packet_lambda_per_s=None;packet_size_byte=1500;lambda_mode=flow_per_pair_rate_mbps
792,71,75,500000,134554703673,,slot=134;src=71;dst=75;rate_mbps=2.4;flow_size_byte=500000;packet_lambda_per_s=None;packet_size_byte=1500;lambda_mode=flow_per_pair_rate_mbps
793,72,68,500000,134621403590,,slot=134;src=72;dst=68;rate_mbps=2.4;flow_size_byte=500000;packet_lambda_per_s=None;packet_size_byte=1500;lambda_mode=flow_per_pair_rate_mbps
794,69,74,500000,134658815560,,slot=134;src=69;dst=74;rate_mbps=2.4;flow_size_byte=500000;packet_lambda_per_s=None;packet_size_byte=1500;lambda_mode=flow_per_pair_rate_mbps
795,74,69,500000,135090020616,,slot=135;src=74;dst=69;rate_mbps=2.4;flow_size_byte=500000;packet_lambda_per_s=None;packet_size_byte=1500;lambda_mode=flow_per_pair_rate_mbps
796,67,70,500000,135368011003,,slot=135;src=67;dst=70;rate_mbps=2.4;flow_size_byte=500000;packet_lambda_per_s=None;packet_size_byte=1500;lambda_mode=flow_per_pair_rate_mbps
797,66,73,500000,135409287459,,slot=135;src=66;dst=73;rate_mbps=2.4;flow_size_byte=500000;packet_lambda_per_s=None;packet_size_byte=1500;lambda_mode=flow_per_pair_rate_mbps
798,69,74,500000,135678201136,,slot=135;src=69;dst=74;rate_mbps=2.4;flow_size_byte=500000;packet_lambda_per_s=None;packet_size_byte=1500;lambda_mode=flow_per_pair_rate_mbps
799,71,75,500000,135992740227,,slot=135;src=71;dst=75;rate_mbps=2.4;flow_size_byte=500000;packet_lambda_per_s=None;packet_size_byte=1500;lambda_mode=flow_per_pair_rate_mbps
800,72,68,500000,136013607787,,slot=136;src=72;dst=68;rate_mbps=2.4;flow_size_byte=500000;packet_lambda_per_s=None;packet_size_byte=1500;lambda_mode=flow_per_pair_rate_mbps
801,74,69,500000,136067745418,,slot=136;src=74;dst=69;rate_mbps=2.4;flow_size_byte=500000;packet_lambda_per_s=None;packet_size_byte=1500;lambda_mode=flow_per_pair_rate_mbps
802,70,67,500000,136192692289,,slot=136;src=70;dst=67;rate_mbps=2.4;flow_size_byte=500000;packet_lambda_per_s=None;packet_size_byte=1500;lambda_mode=flow_per_pair_rate_mbps
803,71,75,500000,136193978946,,slot=136;src=71;dst=75;rate_mbps=2.4;flow_size_byte=500000;packet_lambda_per_s=None;packet_size_byte=1500;lambda_mode=flow_per_pair_rate_mbps
804,75,71,500000,136213108641,,slot=136;src=75;dst=71;rate_mbps=2.4;flow_size_byte=500000;packet_lambda_per_s=None;packet_size_byte=1500;lambda_mode=flow_per_pair_rate_mbps
805,74,69,500000,136267745418,,slot=136;src=74;dst=69;rate_mbps=2.4;flow_size_byte=500000;packet_lambda_per_s=None;packet_size_byte=1500;lambda_mode=flow_per_pair_rate_mbps
806,69,74,500000,136482868875,,slot=136;src=69;dst=74;rate_mbps=2.4;flow_size_byte=500000;packet_lambda_per_s=None;packet_size_byte=1500;lambda_mode=flow_per_pair_rate_mbps
807,75,71,500000,136552120175,,slot=136;src=75;dst=71;rate_mbps=2.4;flow_size_byte=500000;packet_lambda_per_s=None;packet_size_byte=1500;lambda_mode=flow_per_pair_rate_mbps
808,73,66,500000,136600054515,,slot=136;src=73;dst=66;rate_mbps=2.4;flow_size_byte=500000;packet_lambda_per_s=None;packet_size_byte=1500;lambda_mode=flow_per_pair_rate_mbps
809,73,66,500000,136800054515,,slot=136;src=73;dst=66;rate_mbps=2.4;flow_size_byte=500000;packet_lambda_per_s=None;packet_size_byte=1500;lambda_mode=flow_per_pair_rate_mbps
810,73,66,500000,137000054515,,slot=136;src=73;dst=66;rate_mbps=2.4;flow_size_byte=500000;packet_lambda_per_s=None;packet_size_byte=1500;lambda_mode=flow_per_pair_rate_mbps
811,69,74,500000,137042119878,,slot=137;src=69;dst=74;rate_mbps=2.4;flow_size_byte=500000;packet_lambda_per_s=None;packet_size_byte=1500;lambda_mode=flow_per_pair_rate_mbps
812,70,67,500000,137299073986,,slot=137;src=70;dst=67;rate_mbps=2.4;flow_size_byte=500000;packet_lambda_per_s=None;packet_size_byte=1500;lambda_mode=flow_per_pair_rate_mbps
813,67,70,500000,137327394975,,slot=137;src=67;dst=70;rate_mbps=2.4;flow_size_byte=500000;packet_lambda_per_s=None;packet_size_byte=1500;lambda_mode=flow_per_pair_rate_mbps
814,69,74,500000,137493531994,,slot=137;src=69;dst=74;rate_mbps=2.4;flow_size_byte=500000;packet_lambda_per_s=None;packet_size_byte=1500;lambda_mode=flow_per_pair_rate_mbps
815,74,69,500000,137506982577,,slot=137;src=74;dst=69;rate_mbps=2.4;flow_size_byte=500000;packet_lambda_per_s=None;packet_size_byte=1500;lambda_mode=flow_per_pair_rate_mbps
816,74,69,500000,137721473797,,slot=137;src=74;dst=69;rate_mbps=2.4;flow_size_byte=500000;packet_lambda_per_s=None;packet_size_byte=1500;lambda_mode=flow_per_pair_rate_mbps
817,73,66,500000,137778912180,,slot=137;src=73;dst=66;rate_mbps=2.4;flow_size_byte=500000;packet_lambda_per_s=None;packet_size_byte=1500;lambda_mode=flow_per_pair_rate_mbps
818,67,70,500000,137980996455,,slot=137;src=67;dst=70;rate_mbps=2.4;flow_size_byte=500000;packet_lambda_per_s=None;packet_size_byte=1500;lambda_mode=flow_per_pair_rate_mbps
819,72,68,500000,138319302539,,slot=138;src=72;dst=68;rate_mbps=2.4;flow_size_byte=500000;packet_lambda_per_s=None;packet_size_byte=1500;lambda_mode=flow_per_pair_rate_mbps
820,66,73,500000,138505514205,,slot=138;src=66;dst=73;rate_mbps=2.4;flow_size_byte=500000;packet_lambda_per_s=None;packet_size_byte=1500;lambda_mode=flow_per_pair_rate_mbps
821,74,69,500000,139157847247,,slot=139;src=74;dst=69;rate_mbps=2.4;flow_size_byte=500000;packet_lambda_per_s=None;packet_size_byte=1500;lambda_mode=flow_per_pair_rate_mbps
822,72,68,500000,139656203219,,slot=139;src=72;dst=68;rate_mbps=2.4;flow_size_byte=500000;packet_lambda_per_s=None;packet_size_byte=1500;lambda_mode=flow_per_pair_rate_mbps
823,67,70,500000,139891308321,,slot=139;src=67;dst=70;rate_mbps=2.4;flow_size_byte=500000;packet_lambda_per_s=None;packet_size_byte=1500;lambda_mode=flow_per_pair_rate_mbps
824,71,75,500000,140403562868,,slot=140;src=71;dst=75;rate_mbps=2.4;flow_size_byte=500000;packet_lambda_per_s=None;packet_size_byte=1500;lambda_mode=flow_per_pair_rate_mbps
825,70,67,500000,140975812478,,slot=140;src=70;dst=67;rate_mbps=2.4;flow_size_byte=500000;packet_lambda_per_s=None;packet_size_byte=1500;lambda_mode=flow_per_pair_rate_mbps
826,68,72,500000,140993584961,,slot=140;src=68;dst=72;rate_mbps=2.4;flow_size_byte=500000;packet_lambda_per_s=None;packet_size_byte=1500;lambda_mode=flow_per_pair_rate_mbps
827,75,71,500000,141218852480,,slot=141;src=75;dst=71;rate_mbps=2.4;flow_size_byte=500000;packet_lambda_per_s=None;packet_size_byte=1500;lambda_mode=flow_per_pair_rate_mbps
828,68,72,500000,141327920950,,slot=141;src=68;dst=72;rate_mbps=2.4;flow_size_byte=500000;packet_lambda_per_s=None;packet_size_byte=1500;lambda_mode=flow_per_pair_rate_mbps
829,69,74,500000,141358290935,,slot=141;src=69;dst=74;rate_mbps=2.4;flow_size_byte=500000;packet_lambda_per_s=None;packet_size_byte=1500;lambda_mode=flow_per_pair_rate_mbps
830,67,70,500000,141376451740,,slot=141;src=67;dst=70;rate_mbps=2.4;flow_size_byte=500000;packet_lambda_per_s=None;packet_size_byte=1500;lambda_mode=flow_per_pair_rate_mbps
831,73,66,500000,141504547848,,slot=141;src=73;dst=66;rate_mbps=2.4;flow_size_byte=500000;packet_lambda_per_s=None;packet_size_byte=1500;lambda_mode=flow_per_pair_rate_mbps
832,66,73,500000,141608833282,,slot=141;src=66;dst=73;rate_mbps=2.4;flow_size_byte=500000;packet_lambda_per_s=None;packet_size_byte=1500;lambda_mode=flow_per_pair_rate_mbps
833,70,67,500000,141984102354,,slot=141;src=70;dst=67;rate_mbps=2.4;flow_size_byte=500000;packet_lambda_per_s=None;packet_size_byte=1500;lambda_mode=flow_per_pair_rate_mbps
834,72,68,500000,142175564786,,slot=142;src=72;dst=68;rate_mbps=2.4;flow_size_byte=500000;packet_lambda_per_s=None;packet_size_byte=1500;lambda_mode=flow_per_pair_rate_mbps
835,69,74,500000,142430275762,,slot=142;src=69;dst=74;rate_mbps=2.4;flow_size_byte=500000;packet_lambda_per_s=None;packet_size_byte=1500;lambda_mode=flow_per_pair_rate_mbps
836,74,69,500000,142516506095,,slot=142;src=74;dst=69;rate_mbps=2.4;flow_size_byte=500000;packet_lambda_per_s=None;packet_size_byte=1500;lambda_mode=flow_per_pair_rate_mbps
837,72,68,500000,142527401022,,slot=142;src=72;dst=68;rate_mbps=2.4;flow_size_byte=500000;packet_lambda_per_s=None;packet_size_byte=1500;lambda_mode=flow_per_pair_rate_mbps
838,66,73,500000,142529166023,,slot=142;src=66;dst=73;rate_mbps=2.4;flow_size_byte=500000;packet_lambda_per_s=None;packet_size_byte=1500;lambda_mode=flow_per_pair_rate_mbps
839,73,66,500000,142651634950,,slot=142;src=73;dst=66;rate_mbps=2.4;flow_size_byte=500000;packet_lambda_per_s=None;packet_size_byte=1500;lambda_mode=flow_per_pair_rate_mbps
840,68,72,500000,142904125940,,slot=142;src=68;dst=72;rate_mbps=2.4;flow_size_byte=500000;packet_lambda_per_s=None;packet_size_byte=1500;lambda_mode=flow_per_pair_rate_mbps
841,67,70,500000,143483030125,,slot=143;src=67;dst=70;rate_mbps=2.4;flow_size_byte=500000;packet_lambda_per_s=None;packet_size_byte=1500;lambda_mode=flow_per_pair_rate_mbps
842,72,68,500000,143610828045,,slot=143;src=72;dst=68;rate_mbps=2.4;flow_size_byte=500000;packet_lambda_per_s=None;packet_size_byte=1500;lambda_mode=flow_per_pair_rate_mbps
843,67,70,500000,143779828514,,slot=143;src=67;dst=70;rate_mbps=2.4;flow_size_byte=500000;packet_lambda_per_s=None;packet_size_byte=1500;lambda_mode=flow_per_pair_rate_mbps
844,72,68,500000,143842041787,,slot=143;src=72;dst=68;rate_mbps=2.4;flow_size_byte=500000;packet_lambda_per_s=None;packet_size_byte=1500;lambda_mode=flow_per_pair_rate_mbps
845,73,66,500000,143898899678,,slot=143;src=73;dst=66;rate_mbps=2.4;flow_size_byte=500000;packet_lambda_per_s=None;packet_size_byte=1500;lambda_mode=flow_per_pair_rate_mbps
846,74,69,500000,144516877408,,slot=144;src=74;dst=69;rate_mbps=2.4;flow_size_byte=500000;packet_lambda_per_s=None;packet_size_byte=1500;lambda_mode=flow_per_pair_rate_mbps
847,72,68,500000,144553590205,,slot=144;src=72;dst=68;rate_mbps=2.4;flow_size_byte=500000;packet_lambda_per_s=None;packet_size_byte=1500;lambda_mode=flow_per_pair_rate_mbps
848,73,66,500000,144557924830,,slot=144;src=73;dst=66;rate_mbps=2.4;flow_size_byte=500000;packet_lambda_per_s=None;packet_size_byte=1500;lambda_mode=flow_per_pair_rate_mbps
849,70,67,500000,145284307519,,slot=145;src=70;dst=67;rate_mbps=2.4;flow_size_byte=500000;packet_lambda_per_s=None;packet_size_byte=1500;lambda_mode=flow_per_pair_rate_mbps
850,69,74,500000,145382747150,,slot=145;src=69;dst=74;rate_mbps=2.4;flow_size_byte=500000;packet_lambda_per_s=None;packet_size_byte=1500;lambda_mode=flow_per_pair_rate_mbps
851,70,67,500000,145484307519,,slot=145;src=70;dst=67;rate_mbps=2.4;flow_size_byte=500000;packet_lambda_per_s=None;packet_size_byte=1500;lambda_mode=flow_per_pair_rate_mbps
852,68,72,500000,145565873155,,slot=145;src=68;dst=72;rate_mbps=2.4;flow_size_byte=500000;packet_lambda_per_s=None;packet_size_byte=1500;lambda_mode=flow_per_pair_rate_mbps
853,69,74,500000,145688921748,,slot=145;src=69;dst=74;rate_mbps=2.4;flow_size_byte=500000;packet_lambda_per_s=None;packet_size_byte=1500;lambda_mode=flow_per_pair_rate_mbps
854,70,67,500000,145757730349,,slot=145;src=70;dst=67;rate_mbps=2.4;flow_size_byte=500000;packet_lambda_per_s=None;packet_size_byte=1500;lambda_mode=flow_per_pair_rate_mbps
855,69,74,500000,145888921748,,slot=145;src=69;dst=74;rate_mbps=2.4;flow_size_byte=500000;packet_lambda_per_s=None;packet_size_byte=1500;lambda_mode=flow_per_pair_rate_mbps
856,68,72,500000,146105880267,,slot=146;src=68;dst=72;rate_mbps=2.4;flow_size_byte=500000;packet_lambda_per_s=None;packet_size_byte=1500;lambda_mode=flow_per_pair_rate_mbps
857,66,73,500000,146127102440,,slot=146;src=66;dst=73;rate_mbps=2.4;flow_size_byte=500000;packet_lambda_per_s=None;packet_size_byte=1500;lambda_mode=flow_per_pair_rate_mbps
858,70,67,500000,146442036667,,slot=146;src=70;dst=67;rate_mbps=2.4;flow_size_byte=500000;packet_lambda_per_s=None;packet_size_byte=1500;lambda_mode=flow_per_pair_rate_mbps
859,71,75,500000,146858916536,,slot=146;src=71;dst=75;rate_mbps=2.4;flow_size_byte=500000;packet_lambda_per_s=None;packet_size_byte=1500;lambda_mode=flow_per_pair_rate_mbps
860,68,72,500000,146990483465,,slot=146;src=68;dst=72;rate_mbps=2.4;flow_size_byte=500000;packet_lambda_per_s=None;packet_size_byte=1500;lambda_mode=flow_per_pair_rate_mbps
861,74,69,500000,146991139695,,slot=146;src=74;dst=69;rate_mbps=2.4;flow_size_byte=500000;packet_lambda_per_s=None;packet_size_byte=1500;lambda_mode=flow_per_pair_rate_mbps
862,67,70,500000,147995265954,,slot=147;src=67;dst=70;rate_mbps=2.4;flow_size_byte=500000;packet_lambda_per_s=None;packet_size_byte=1500;lambda_mode=flow_per_pair_rate_mbps
863,66,73,500000,148314510042,,slot=148;src=66;dst=73;rate_mbps=2.4;flow_size_byte=500000;packet_lambda_per_s=None;packet_size_byte=1500;lambda_mode=flow_per_pair_rate_mbps
864,68,72,500000,148642184564,,slot=148;src=68;dst=72;rate_mbps=2.4;flow_size_byte=500000;packet_lambda_per_s=None;packet_size_byte=1500;lambda_mode=flow_per_pair_rate_mbps
865,69,74,500000,148672120062,,slot=148;src=69;dst=74;rate_mbps=2.4;flow_size_byte=500000;packet_lambda_per_s=None;packet_size_byte=1500;lambda_mode=flow_per_pair_rate_mbps
866,68,72,500000,148842184564,,slot=148;src=68;dst=72;rate_mbps=2.4;flow_size_byte=500000;packet_lambda_per_s=None;packet_size_byte=1500;lambda_mode=flow_per_pair_rate_mbps
867,71,75,500000,149006844089,,slot=149;src=71;dst=75;rate_mbps=2.4;flow_size_byte=500000;packet_lambda_per_s=None;packet_size_byte=1500;lambda_mode=flow_per_pair_rate_mbps
868,66,73,500000,149089126406,,slot=149;src=66;dst=73;rate_mbps=2.4;flow_size_byte=500000;packet_lambda_per_s=None;packet_size_byte=1500;lambda_mode=flow_per_pair_rate_mbps
869,74,69,500000,149298069875,,slot=149;src=74;dst=69;rate_mbps=2.4;flow_size_byte=500000;packet_lambda_per_s=None;packet_size_byte=1500;lambda_mode=flow_per_pair_rate_mbps
870,66,73,500000,149327937205,,slot=149;src=66;dst=73;rate_mbps=2.4;flow_size_byte=500000;packet_lambda_per_s=None;packet_size_byte=1500;lambda_mode=flow_per_pair_rate_mbps
871,72,68,500000,149396957886,,slot=149;src=72;dst=68;rate_mbps=2.4;flow_size_byte=500000;packet_lambda_per_s=None;packet_size_byte=1500;lambda_mode=flow_per_pair_rate_mbps
872,74,69,500000,149737563525,,slot=149;src=74;dst=69;rate_mbps=2.4;flow_size_byte=500000;packet_lambda_per_s=None;packet_size_byte=1500;lambda_mode=flow_per_pair_rate_mbps
873,72,68,500000,149839422129,,slot=149;src=72;dst=68;rate_mbps=2.4;flow_size_byte=500000;packet_lambda_per_s=None;packet_size_byte=1500;lambda_mode=flow_per_pair_rate_mbps
874,70,67,500000,150237738734,,slot=150;src=70;dst=67;rate_mbps=2.4;flow_size_byte=500000;packet_lambda_per_s=None;packet_size_byte=1500;lambda_mode=flow_per_pair_rate_mbps
875,73,66,500000,150300144499,,slot=150;src=73;dst=66;rate_mbps=2.4;flow_size_byte=500000;packet_lambda_per_s=None;packet_size_byte=1500;lambda_mode=flow_per_pair_rate_mbps
876,71,75,500000,150329183241,,slot=150;src=71;dst=75;rate_mbps=2.4;flow_size_byte=500000;packet_lambda_per_s=None;packet_size_byte=1500;lambda_mode=flow_per_pair_rate_mbps
877,66,73,500000,150471022050,,slot=150;src=66;dst=73;rate_mbps=2.4;flow_size_byte=500000;packet_lambda_per_s=None;packet_size_byte=1500;lambda_mode=flow_per_pair_rate_mbps
878,68,72,500000,150529241064,,slot=150;src=68;dst=72;rate_mbps=2.4;flow_size_byte=500000;packet_lambda_per_s=None;packet_size_byte=1500;lambda_mode=flow_per_pair_rate_mbps
879,75,71,500000,150587414535,,slot=150;src=75;dst=71;rate_mbps=2.4;flow_size_byte=500000;packet_lambda_per_s=None;packet_size_byte=1500;lambda_mode=flow_per_pair_rate_mbps
880,72,68,500000,150731704745,,slot=150;src=72;dst=68;rate_mbps=2.4;flow_size_byte=500000;packet_lambda_per_s=None;packet_size_byte=1500;lambda_mode=flow_per_pair_rate_mbps
881,74,69,500000,151114341284,,slot=151;src=74;dst=69;rate_mbps=2.4;flow_size_byte=500000;packet_lambda_per_s=None;packet_size_byte=1500;lambda_mode=flow_per_pair_rate_mbps
882,67,70,500000,151254033669,,slot=151;src=67;dst=70;rate_mbps=2.4;flow_size_byte=500000;packet_lambda_per_s=None;packet_size_byte=1500;lambda_mode=flow_per_pair_rate_mbps
883,68,72,500000,151268393580,,slot=151;src=68;dst=72;rate_mbps=2.4;flow_size_byte=500000;packet_lambda_per_s=None;packet_size_byte=1500;lambda_mode=flow_per_pair_rate_mbps
884,72,68,500000,151589088915,,slot=151;src=72;dst=68;rate_mbps=2.4;flow_size_byte=500000;packet_lambda_per_s=None;packet_size_byte=1500;lambda_mode=flow_per_pair_rate_mbps
885,73,66,500000,151645104781,,slot=151;src=73;dst=66;rate_mbps=2.4;flow_size_byte=500000;packet_lambda_per_s=None;packet_size_byte=1500;lambda_mode=flow_per_pair_rate_mbps
886,70,67,500000,151726895190,,slot=151;src=70;dst=67;rate_mbps=2.4;flow_size_byte=500000;packet_lambda_per_s=None;packet_size_byte=1500;lambda_mode=flow_per_pair_rate_mbps
887,67,70,500000,151751799845,,slot=151;src=67;dst=70;rate_mbps=2.4;flow_size_byte=500000;packet_lambda_per_s=None;packet_size_byte=1500;lambda_mode=flow_per_pair_rate_mbps
888,72,68,500000,151789088915,,slot=151;src=72;dst=68;rate_mbps=2.4;flow_size_byte=500000;packet_lambda_per_s=None;packet_size_byte=1500;lambda_mode=flow_per_pair_rate_mbps
889,67,70,500000,151951799845,,slot=151;src=67;dst=70;rate_mbps=2.4;flow_size_byte=500000;packet_lambda_per_s=None;packet_size_byte=1500;lambda_mode=flow_per_pair_rate_mbps
890,67,70,500000,152151799845,,slot=151;src=67;dst=70;rate_mbps=2.4;flow_size_byte=500000;packet_lambda_per_s=None;packet_size_byte=1500;lambda_mode=flow_per_pair_rate_mbps
891,69,74,500000,152178781762,,slot=152;src=69;dst=74;rate_mbps=2.4;flow_size_byte=500000;packet_lambda_per_s=None;packet_size_byte=1500;lambda_mode=flow_per_pair_rate_mbps
892,73,66,500000,152864710158,,slot=152;src=73;dst=66;rate_mbps=2.4;flow_size_byte=500000;packet_lambda_per_s=None;packet_size_byte=1500;lambda_mode=flow_per_pair_rate_mbps
893,68,72,500000,153247344236,,slot=153;src=68;dst=72;rate_mbps=2.4;flow_size_byte=500000;packet_lambda_per_s=None;packet_size_byte=1500;lambda_mode=flow_per_pair_rate_mbps
894,75,71,500000,153274451229,,slot=153;src=75;dst=71;rate_mbps=2.4;flow_size_byte=500000;packet_lambda_per_s=None;packet_size_byte=1500;lambda_mode=flow_per_pair_rate_mbps
895,70,67,500000,153353147517,,slot=153;src=70;dst=67;rate_mbps=2.4;flow_size_byte=500000;packet_lambda_per_s=None;packet_size_byte=1500;lambda_mode=flow_per_pair_rate_mbps
896,71,75,500000,153501640011,,slot=153;src=71;dst=75;rate_mbps=2.4;flow_size_byte=500000;packet_lambda_per_s=None;packet_size_byte=1500;lambda_mode=flow_per_pair_rate_mbps
897,68,72,500000,153784112643,,slot=153;src=68;dst=72;rate_mbps=2.4;flow_size_byte=500000;packet_lambda_per_s=None;packet_size_byte=1500;lambda_mode=flow_per_pair_rate_mbps
898,66,73,500000,153826773190,,slot=153;src=66;dst=73;rate_mbps=2.4;flow_size_byte=500000;packet_lambda_per_s=None;packet_size_byte=1500;lambda_mode=flow_per_pair_rate_mbps
899,71,75,500000,153990858448,,slot=153;src=71;dst=75;rate_mbps=2.4;flow_size_byte=500000;packet_lambda_per_s=None;packet_size_byte=1500;lambda_mode=flow_per_pair_rate_mbps
900,69,74,500000,154173894494,,slot=154;src=69;dst=74;rate_mbps=2.4;flow_size_byte=500000;packet_lambda_per_s=None;packet_size_byte=1500;lambda_mode=flow_per_pair_rate_mbps
901,71,75,500000,154190858448,,slot=153;src=71;dst=75;rate_mbps=2.4;flow_size_byte=500000;packet_lambda_per_s=None;packet_size_byte=1500;lambda_mode=flow_per_pair_rate_mbps
902,66,73,500000,154217041553,,slot=154;src=66;dst=73;rate_mbps=2.4;flow_size_byte=500000;packet_lambda_per_s=None;packet_size_byte=1500;lambda_mode=flow_per_pair_rate_mbps
903,67,70,500000,154698402662,,slot=154;src=67;dst=70;rate_mbps=2.4;flow_size_byte=500000;packet_lambda_per_s=None;packet_size_byte=1500;lambda_mode=flow_per_pair_rate_mbps
904,73,66,500000,154750618071,,slot=154;src=73;dst=66;rate_mbps=2.4;flow_size_byte=500000;packet_lambda_per_s=None;packet_size_byte=1500;lambda_mode=flow_per_pair_rate_mbps
905,69,74,500000,154857112575,,slot=154;src=69;dst=74;rate_mbps=2.4;flow_size_byte=500000;packet_lambda_per_s=None;packet_size_byte=1500;lambda_mode=flow_per_pair_rate_mbps
906,74,69,500000,154868331796,,slot=154;src=74;dst=69;rate_mbps=2.4;flow_size_byte=500000;packet_lambda_per_s=None;packet_size_byte=1500;lambda_mode=flow_per_pair_rate_mbps
907,71,75,500000,154878910774,,slot=154;src=71;dst=75;rate_mbps=2.4;flow_size_byte=500000;packet_lambda_per_s=None;packet_size_byte=1500;lambda_mode=flow_per_pair_rate_mbps
908,74,69,500000,155103049692,,slot=155;src=74;dst=69;rate_mbps=2.4;flow_size_byte=500000;packet_lambda_per_s=None;packet_size_byte=1500;lambda_mode=flow_per_pair_rate_mbps
909,75,71,500000,155405324744,,slot=155;src=75;dst=71;rate_mbps=2.4;flow_size_byte=500000;packet_lambda_per_s=None;packet_size_byte=1500;lambda_mode=flow_per_pair_rate_mbps
910,74,69,500000,155562162465,,slot=155;src=74;dst=69;rate_mbps=2.4;flow_size_byte=500000;packet_lambda_per_s=None;packet_size_byte=1500;lambda_mode=flow_per_pair_rate_mbps
911,66,73,500000,155861587857,,slot=155;src=66;dst=73;rate_mbps=2.4;flow_size_byte=500000;packet_lambda_per_s=None;packet_size_byte=1500;lambda_mode=flow_per_pair_rate_mbps
912,75,71,500000,155890622788,,slot=155;src=75;dst=71;rate_mbps=2.4;flow_size_byte=500000;packet_lambda_per_s=None;packet_size_byte=1500;lambda_mode=flow_per_pair_rate_mbps
913,72,68,500000,156181237045,,slot=156;src=72;dst=68;rate_mbps=2.4;flow_size_byte=500000;packet_lambda_per_s=None;packet_size_byte=1500;lambda_mode=flow_per_pair_rate_mbps
914,66,73,500000,156187828101,,slot=156;src=66;dst=73;rate_mbps=2.4;flow_size_byte=500000;packet_lambda_per_s=None;packet_size_byte=1500;lambda_mode=flow_per_pair_rate_mbps
915,73,66,500000,156458373425,,slot=156;src=73;dst=66;rate_mbps=2.4;flow_size_byte=500000;packet_lambda_per_s=None;packet_size_byte=1500;lambda_mode=flow_per_pair_rate_mbps
916,75,71,500000,156605470206,,slot=156;src=75;dst=71;rate_mbps=2.4;flow_size_byte=500000;packet_lambda_per_s=None;packet_size_byte=1500;lambda_mode=flow_per_pair_rate_mbps
917,72,68,500000,156725866147,,slot=156;src=72;dst=68;rate_mbps=2.4;flow_size_byte=500000;packet_lambda_per_s=None;packet_size_byte=1500;lambda_mode=flow_per_pair_rate_mbps
918,67,70,500000,156816013666,,slot=156;src=67;dst=70;rate_mbps=2.4;flow_size_byte=500000;packet_lambda_per_s=None;packet_size_byte=1500;lambda_mode=flow_per_pair_rate_mbps
919,70,67,500000,156853701434,,slot=156;src=70;dst=67;rate_mbps=2.4;flow_size_byte=500000;packet_lambda_per_s=None;packet_size_byte=1500;lambda_mode=flow_per_pair_rate_mbps
920,74,69,500000,157234635799,,slot=157;src=74;dst=69;rate_mbps=2.4;flow_size_byte=500000;packet_lambda_per_s=None;packet_size_byte=1500;lambda_mode=flow_per_pair_rate_mbps
921,72,68,500000,157308942330,,slot=157;src=72;dst=68;rate_mbps=2.4;flow_size_byte=500000;packet_lambda_per_s=None;packet_size_byte=1500;lambda_mode=flow_per_pair_rate_mbps
922,73,66,500000,157375652806,,slot=157;src=73;dst=66;rate_mbps=2.4;flow_size_byte=500000;packet_lambda_per_s=None;packet_size_byte=1500;lambda_mode=flow_per_pair_rate_mbps
923,74,69,500000,157434635799,,slot=157;src=74;dst=69;rate_mbps=2.4;flow_size_byte=500000;packet_lambda_per_s=None;packet_size_byte=1500;lambda_mode=flow_per_pair_rate_mbps
924,68,72,500000,157440843149,,slot=157;src=68;dst=72;rate_mbps=2.4;flow_size_byte=500000;packet_lambda_per_s=None;packet_size_byte=1500;lambda_mode=flow_per_pair_rate_mbps
925,73,66,500000,157575652806,,slot=157;src=73;dst=66;rate_mbps=2.4;flow_size_byte=500000;packet_lambda_per_s=None;packet_size_byte=1500;lambda_mode=flow_per_pair_rate_mbps
926,72,68,500000,157690799232,,slot=157;src=72;dst=68;rate_mbps=2.4;flow_size_byte=500000;packet_lambda_per_s=None;packet_size_byte=1500;lambda_mode=flow_per_pair_rate_mbps
927,74,69,500000,157738750230,,slot=157;src=74;dst=69;rate_mbps=2.4;flow_size_byte=500000;packet_lambda_per_s=None;packet_size_byte=1500;lambda_mode=flow_per_pair_rate_mbps
928,75,71,500000,157853019802,,slot=157;src=75;dst=71;rate_mbps=2.4;flow_size_byte=500000;packet_lambda_per_s=None;packet_size_byte=1500;lambda_mode=flow_per_pair_rate_mbps
929,72,68,500000,157890976405,,slot=157;src=72;dst=68;rate_mbps=2.4;flow_size_byte=500000;packet_lambda_per_s=None;packet_size_byte=1500;lambda_mode=flow_per_pair_rate_mbps
930,70,67,500000,157942282872,,slot=157;src=70;dst=67;rate_mbps=2.4;flow_size_byte=500000;packet_lambda_per_s=None;packet_size_byte=1500;lambda_mode=flow_per_pair_rate_mbps
931,69,74,500000,158166468731,,slot=158;src=69;dst=74;rate_mbps=2.4;flow_size_byte=500000;packet_lambda_per_s=None;packet_size_byte=1500;lambda_mode=flow_per_pair_rate_mbps
932,69,74,500000,158366468731,,slot=158;src=69;dst=74;rate_mbps=2.4;flow_size_byte=500000;packet_lambda_per_s=None;packet_size_byte=1500;lambda_mode=flow_per_pair_rate_mbps
933,74,69,500000,158439205662,,slot=158;src=74;dst=69;rate_mbps=2.4;flow_size_byte=500000;packet_lambda_per_s=None;packet_size_byte=1500;lambda_mode=flow_per_pair_rate_mbps
934,70,67,500000,159048842055,,slot=159;src=70;dst=67;rate_mbps=2.4;flow_size_byte=500000;packet_lambda_per_s=None;packet_size_byte=1500;lambda_mode=flow_per_pair_rate_mbps
935,71,75,500000,159068914511,,slot=159;src=71;dst=75;rate_mbps=2.4;flow_size_byte=500000;packet_lambda_per_s=None;packet_size_byte=1500;lambda_mode=flow_per_pair_rate_mbps
936,74,69,500000,159166085216,,slot=159;src=74;dst=69;rate_mbps=2.4;flow_size_byte=500000;packet_lambda_per_s=None;packet_size_byte=1500;lambda_mode=flow_per_pair_rate_mbps
937,75,71,500000,159249848792,,slot=159;src=75;dst=71;rate_mbps=2.4;flow_size_byte=500000;packet_lambda_per_s=None;packet_size_byte=1500;lambda_mode=flow_per_pair_rate_mbps
938,71,75,500000,159269727992,,slot=159;src=71;dst=75;rate_mbps=2.4;flow_size_byte=500000;packet_lambda_per_s=None;packet_size_byte=1500;lambda_mode=flow_per_pair_rate_mbps
939,66,73,500000,159396359736,,slot=159;src=66;dst=73;rate_mbps=2.4;flow_size_byte=500000;packet_lambda_per_s=None;packet_size_byte=1500;lambda_mode=flow_per_pair_rate_mbps
940,69,74,500000,159563178803,,slot=159;src=69;dst=74;rate_mbps=2.4;flow_size_byte=500000;packet_lambda_per_s=None;packet_size_byte=1500;lambda_mode=flow_per_pair_rate_mbps
941,69,74,500000,159902575985,,slot=159;src=69;dst=74;rate_mbps=2.4;flow_size_byte=500000;packet_lambda_per_s=None;packet_size_byte=1500;lambda_mode=flow_per_pair_rate_mbps
942,66,73,500000,160017041708,,slot=160;src=66;dst=73;rate_mbps=2.4;flow_size_byte=500000;packet_lambda_per_s=None;packet_size_byte=1500;lambda_mode=flow_per_pair_rate_mbps
943,71,75,500000,160128185130,,slot=160;src=71;dst=75;rate_mbps=2.4;flow_size_byte=500000;packet_lambda_per_s=None;packet_size_byte=1500;lambda_mode=flow_per_pair_rate_mbps
944,66,73,500000,160217041708,,slot=160;src=66;dst=73;rate_mbps=2.4;flow_size_byte=500000;packet_lambda_per_s=None;packet_size_byte=1500;lambda_mode=flow_per_pair_rate_mbps
945,67,70,500000,160398475971,,slot=160;src=67;dst=70;rate_mbps=2.4;flow_size_byte=500000;packet_lambda_per_s=None;packet_size_byte=1500;lambda_mode=flow_per_pair_rate_mbps
946,66,73,500000,160417041708,,slot=160;src=66;dst=73;rate_mbps=2.4;flow_size_byte=500000;packet_lambda_per_s=None;packet_size_byte=1500;lambda_mode=flow_per_pair_rate_mbps
947,74,69,500000,160495235404,,slot=160;src=74;dst=69;rate_mbps=2.4;flow_size_byte=500000;packet_lambda_per_s=None;packet_size_byte=1500;lambda_mode=flow_per_pair_rate_mbps
948,66,73,500000,160667465617,,slot=160;src=66;dst=73;rate_mbps=2.4;flow_size_byte=500000;packet_lambda_per_s=None;packet_size_byte=1500;lambda_mode=flow_per_pair_rate_mbps
949,71,75,500000,160713085453,,slot=160;src=71;dst=75;rate_mbps=2.4;flow_size_byte=500000;packet_lambda_per_s=None;packet_size_byte=1500;lambda_mode=flow_per_pair_rate_mbps
950,74,69,500000,161005199687,,slot=161;src=74;dst=69;rate_mbps=2.4;flow_size_byte=500000;packet_lambda_per_s=None;packet_size_byte=1500;lambda_mode=flow_per_pair_rate_mbps
951,71,75,500000,161061500746,,slot=161;src=71;dst=75;rate_mbps=2.4;flow_size_byte=500000;packet_lambda_per_s=None;packet_size_byte=1500;lambda_mode=flow_per_pair_rate_mbps
952,74,69,500000,161237085442,,slot=161;src=74;dst=69;rate_mbps=2.4;flow_size_byte=500000;packet_lambda_per_s=None;packet_size_byte=1500;lambda_mode=flow_per_pair_rate_mbps
953,69,74,500000,161322958730,,slot=161;src=69;dst=74;rate_mbps=2.4;flow_size_byte=500000;packet_lambda_per_s=None;packet_size_byte=1500;lambda_mode=flow_per_pair_rate_mbps
954,71,75,500000,161614871816,,slot=161;src=71;dst=75;rate_mbps=2.4;flow_size_byte=500000;packet_lambda_per_s=None;packet_size_byte=1500;lambda_mode=flow_per_pair_rate_mbps
955,69,74,500000,161667988422,,slot=161;src=69;dst=74;rate_mbps=2.4;flow_size_byte=500000;packet_lambda_per_s=None;packet_size_byte=1500;lambda_mode=flow_per_pair_rate_mbps
956,68,72,500000,161689726985,,slot=161;src=68;dst=72;rate_mbps=2.4;flow_size_byte=500000;packet_lambda_per_s=None;packet_size_byte=1500;lambda_mode=flow_per_pair_rate_mbps
957,73,66,500000,161821570468,,slot=161;src=73;dst=66;rate_mbps=2.4;flow_size_byte=500000;packet_lambda_per_s=None;packet_size_byte=1500;lambda_mode=flow_per_pair_rate_mbps
958,67,70,500000,161944568743,,slot=161;src=67;dst=70;rate_mbps=2.4;flow_size_byte=500000;packet_lambda_per_s=None;packet_size_byte=1500;lambda_mode=flow_per_pair_rate_mbps
959,66,73,500000,161955979656,,slot=161;src=66;dst=73;rate_mbps=2.4;flow_size_byte=500000;packet_lambda_per_s=None;packet_size_byte=1500;lambda_mode=flow_per_pair_rate_mbps
960,72,68,500000,161996801761,,slot=161;src=72;dst=68;rate_mbps=2.4;flow_size_byte=500000;packet_lambda_per_s=None;packet_size_byte=1500;lambda_mode=flow_per_pair_rate_mbps
961,73,66,500000,162021570468,,slot=161;src=73;dst=66;rate_mbps=2.4;flow_size_byte=500000;packet_lambda_per_s=None;packet_size_byte=1500;lambda_mode=flow_per_pair_rate_mbps
962,69,74,500000,162085042357,,slot=162;src=69;dst=74;rate_mbps=2.4;flow_size_byte=500000;packet_lambda_per_s=None;packet_size_byte=1500;lambda_mode=flow_per_pair_rate_mbps
963,74,69,500000,162238114415,,slot=162;src=74;dst=69;rate_mbps=2.4;flow_size_byte=500000;packet_lambda_per_s=None;packet_size_byte=1500;lambda_mode=flow_per_pair_rate_mbps
964,71,75,500000,162644978993,,slot=162;src=71;dst=75;rate_mbps=2.4;flow_size_byte=500000;packet_lambda_per_s=None;packet_size_byte=1500;lambda_mode=flow_per_pair_rate_mbps
965,66,73,500000,162705284959,,slot=162;src=66;dst=73;rate_mbps=2.4;flow_size_byte=500000;packet_lambda_per_s=None;packet_size_byte=1500;lambda_mode=flow_per_pair_rate_mbps
966,71,75,500000,162844978993,,slot=162;src=71;dst=75;rate_mbps=2.4;flow_size_byte=500000;packet_lambda_per_s=None;packet_size_byte=1500;lambda_mode=flow_per_pair_rate_mbps
967,66,73,500000,163013749369,,slot=163;src=66;dst=73;rate_mbps=2.4;flow_size_byte=500000;packet_lambda_per_s=None;packet_size_byte=1500;lambda_mode=flow_per_pair_rate_mbps
968,68,72,500000,163470624227,,slot=163;src=68;dst=72;rate_mbps=2.4;flow_size_byte=500000;packet_lambda_per_s=None;packet_size_byte=1500;lambda_mode=flow_per_pair_rate_mbps
969,71,75,500000,163566339730,,slot=163;src=71;dst=75;rate_mbps=2.4;flow_size_byte=500000;packet_lambda_per_s=None;packet_size_byte=1500;lambda_mode=flow_per_pair_rate_mbps
970,75,71,500000,163671618376,,slot=163;src=75;dst=71;rate_mbps=2.4;flow_size_byte=500000;packet_lambda_per_s=None;packet_size_byte=1500;lambda_mode=flow_per_pair_rate_mbps
971,71,75,500000,163817145930,,slot=163;src=71;dst=75;rate_mbps=2.4;flow_size_byte=500000;packet_lambda_per_s=None;packet_size_byte=1500;lambda_mode=flow_per_pair_rate_mbps
972,70,67,500000,164064724294,,slot=164;src=70;dst=67;rate_mbps=2.4;flow_size_byte=500000;packet_lambda_per_s=None;packet_size_byte=1500;lambda_mode=flow_per_pair_rate_mbps
973,74,69,500000,164179504275,,slot=164;src=74;dst=69;rate_mbps=2.4;flow_size_byte=500000;packet_lambda_per_s=None;packet_size_byte=1500;lambda_mode=flow_per_pair_rate_mbps
974,73,66,500000,164248671735,,slot=164;src=73;dst=66;rate_mbps=2.4;flow_size_byte=500000;packet_lambda_per_s=None;packet_size_byte=1500;lambda_mode=flow_per_pair_rate_mbps
975,70,67,500000,164264724294,,slot=164;src=70;dst=67;rate_mbps=2.4;flow_size_byte=500000;packet_lambda_per_s=None;packet_size_byte=1500;lambda_mode=flow_per_pair_rate_mbps
976,75,71,500000,164303084581,,slot=164;src=75;dst=71;rate_mbps=2.4;flow_size_byte=500000;packet_lambda_per_s=None;packet_size_byte=1500;lambda_mode=flow_per_pair_rate_mbps
977,75,71,500000,164503084581,,slot=164;src=75;dst=71;rate_mbps=2.4;flow_size_byte=500000;packet_lambda_per_s=None;packet_size_byte=1500;lambda_mode=flow_per_pair_rate_mbps
978,73,66,500000,164606376235,,slot=164;src=73;dst=66;rate_mbps=2.4;flow_size_byte=500000;packet_lambda_per_s=None;packet_size_byte=1500;lambda_mode=flow_per_pair_rate_mbps
979,74,69,500000,165015860806,,slot=165;src=74;dst=69;rate_mbps=2.4;flow_size_byte=500000;packet_lambda_per_s=None;packet_size_byte=1500;lambda_mode=flow_per_pair_rate_mbps
980,75,71,500000,165144642150,,slot=165;src=75;dst=71;rate_mbps=2.4;flow_size_byte=500000;packet_lambda_per_s=None;packet_size_byte=1500;lambda_mode=flow_per_pair_rate_mbps
981,69,74,500000,165392180806,,slot=165;src=69;dst=74;rate_mbps=2.4;flow_size_byte=500000;packet_lambda_per_s=None;packet_size_byte=1500;lambda_mode=flow_per_pair_rate_mbps
982,68,72,500000,165468565956,,slot=165;src=68;dst=72;rate_mbps=2.4;flow_size_byte=500000;packet_lambda_per_s=None;packet_size_byte=1500;lambda_mode=flow_per_pair_rate_mbps
983,75,71,500000,165622102210,,slot=165;src=75;dst=71;rate_mbps=2.4;flow_size_byte=500000;packet_lambda_per_s=None;packet_size_byte=1500;lambda_mode=flow_per_pair_rate_mbps
984,71,75,500000,165900301712,,slot=165;src=71;dst=75;rate_mbps=2.4;flow_size_byte=500000;packet_lambda_per_s=None;packet_size_byte=1500;lambda_mode=flow_per_pair_rate_mbps
985,67,70,500000,166218366082,,slot=166;src=67;dst=70;rate_mbps=2.4;flow_size_byte=500000;packet_lambda_per_s=None;packet_size_byte=1500;lambda_mode=flow_per_pair_rate_mbps
986,74,69,500000,166877557449,,slot=166;src=74;dst=69;rate_mbps=2.4;flow_size_byte=500000;packet_lambda_per_s=None;packet_size_byte=1500;lambda_mode=flow_per_pair_rate_mbps
987,73,66,500000,167070712772,,slot=167;src=73;dst=66;rate_mbps=2.4;flow_size_byte=500000;packet_lambda_per_s=None;packet_size_byte=1500;lambda_mode=flow_per_pair_rate_mbps
988,74,69,500000,167156185434,,slot=167;src=74;dst=69;rate_mbps=2.4;flow_size_byte=500000;packet_lambda_per_s=None;packet_size_byte=1500;lambda_mode=flow_per_pair_rate_mbps
989,73,66,500000,167270712772,,slot=167;src=73;dst=66;rate_mbps=2.4;flow_size_byte=500000;packet_lambda_per_s=None;packet_size_byte=1500;lambda_mode=flow_per_pair_rate_mbps
990,75,71,500000,167350743888,,slot=167;src=75;dst=71;rate_mbps=2.4;flow_size_byte=500000;packet_lambda_per_s=None;packet_size_byte=1500;lambda_mode=flow_per_pair_rate_mbps
991,74,69,500000,167459230781,,slot=167;src=74;dst=69;rate_mbps=2.4;flow_size_byte=500000;packet_lambda_per_s=None;packet_size_byte=1500;lambda_mode=flow_per_pair_rate_mbps
992,73,66,500000,167527534406,,slot=167;src=73;dst=66;rate_mbps=2.4;flow_size_byte=500000;packet_lambda_per_s=None;packet_size_byte=1500;lambda_mode=flow_per_pair_rate_mbps
993,75,71,500000,167948926907,,slot=167;src=75;dst=71;rate_mbps=2.4;flow_size_byte=500000;packet_lambda_per_s=None;packet_size_byte=1500;lambda_mode=flow_per_pair_rate_mbps
994,73,66,500000,168439150739,,slot=168;src=73;dst=66;rate_mbps=2.4;flow_size_byte=500000;packet_lambda_per_s=None;packet_size_byte=1500;lambda_mode=flow_per_pair_rate_mbps
995,68,72,500000,168664367419,,slot=168;src=68;dst=72;rate_mbps=2.4;flow_size_byte=500000;packet_lambda_per_s=None;packet_size_byte=1500;lambda_mode=flow_per_pair_rate_mbps
996,71,75,500000,168676748393,,slot=168;src=71;dst=75;rate_mbps=2.4;flow_size_byte=500000;packet_lambda_per_s=None;packet_size_byte=1500;lambda_mode=flow_per_pair_rate_mbps
997,67,70,500000,168897564764,,slot=168;src=67;dst=70;rate_mbps=2.4;flow_size_byte=500000;packet_lambda_per_s=None;packet_size_byte=1500;lambda_mode=flow_per_pair_rate_mbps
998,75,71,500000,169094371043,,slot=169;src=75;dst=71;rate_mbps=2.4;flow_size_byte=500000;packet_lambda_per_s=None;packet_size_byte=1500;lambda_mode=flow_per_pair_rate_mbps
999,68,72,500000,169123866971,,slot=169;src=68;dst=72;rate_mbps=2.4;flow_size_byte=500000;packet_lambda_per_s=None;packet_size_byte=1500;lambda_mode=flow_per_pair_rate_mbps
1000,68,72,500000,169622606757,,slot=169;src=68;dst=72;rate_mbps=2.4;flow_size_byte=500000;packet_lambda_per_s=None;packet_size_byte=1500;lambda_mode=flow_per_pair_rate_mbps
1001,74,69,500000,169850569540,,slot=169;src=74;dst=69;rate_mbps=2.4;flow_size_byte=500000;packet_lambda_per_s=None;packet_size_byte=1500;lambda_mode=flow_per_pair_rate_mbps
1002,72,68,500000,169899726351,,slot=169;src=72;dst=68;rate_mbps=2.4;flow_size_byte=500000;packet_lambda_per_s=None;packet_size_byte=1500;lambda_mode=flow_per_pair_rate_mbps
